"SL NO.","ITEM NO.",DATE,"CASE NO","CAUSE TITLE",COURT,LAWYER
1,1,02/05/2015,"APO 172/2015 
GA 1325/2015 
WP 365/2015
","S B CONSTRUCTION & ORS. Vs         STATE OF WEST BENGAL & ORS.",1,"AYAN BANERJEE"
2,341,02/05/2015,"APO 311/2013 
AP 346/2005
","AFCONS PAULING (INDIA) LTD Vs                      STATE OF WEST BENGAL",4,"BIJON MAJUMDAR"
3,30,02/05/2015,"GA 1308/2015 
CS 248/2011
","KARNANI ESTATES (MK) PVT. LTD. & ANR. Vs                      STATE OF WEST BENGAL & ORS.",5,"DSP LAW ASSOCIATES"
4,58,02/05/2015,"CS 248/2011 
GA 3077/2011 ","KARNANI ESTATES (MK) PVT. LTD. & ANR. Vs         STATE OF WEST BENGAL & ORS.",5,"S.KAKRANIA & CO."
5,102,02/05/2015,"GA 3097/2013 
CS 370/2013
","PIONEER PUBLICITY CORPORATION PVT LTD Vs                      STATE OF WEST BENGAL AND ANR",5,"DIPANJAN SINHA ROY"
6,103,02/05/2015,"GA 3098/2013 
CS 369/2013
","M/S. ARUN SIGN WORKS Vs                      STATE OF WEST BENGAL AND ANR",5,"DIPANJAN SINHA ROY"
7,145,02/05/2015,"GA 1524/2014 
CS 62/2011
","KARNANI PROPERTIES LTD. & ORS. Vs                      STATE OF WEST BENGAL & OTHERS",5,"J . BANERJEE AND CO."
8,206,02/05/2015,"GA 3351/2014 
CS 387/2014
","STATE OF WEST BENGAL & ANR Vs                      KAMAL SADANAH & ANR",5,"PARITOSH SINHA"
9,286,02/05/2015,"EC 313/2014 ","PAM DEVELOPMENT PVT. LTD. Vs                      THE STATE OF WEST BENGAL & ORS.",5,"AMRITAM MANDAL"
10,319,02/05/2015,"EC 623/2014 ","M/S. G. BISWAS & CO. Vs                      STATE OF WEST BENGAL & ANR,",5,"DEBANJAN MUKHERJEE"
11,410,02/05/2015,"GA 3940/2014 
EC 50/2005
","ASSOCIATED CONTRACTORS Vs                      STATE OF W.B.                                     PARITOSH SINAH",5,"SARAJIT MITRA"
12,415,02/05/2015,"EC 345/2015 ","CIVCON CONSTRUCTION PRIVATE LIMITED Vs                      STATE OF WEST BENGAL, THROUGH ADDITIONAL CHIEF SECRETARY, MI",5,"MUKHERJEE & BISWAS"
13,516,02/05/2015,"EC 375/2015 ","ASOK KUMAR SAHA Vs                      STATE OF WEST BENGAL & ORS.",5,"ANJAN DEB SARKAR"
14,589,02/05/2015,"GA 812/2015 
EC 137/2013
","STP LIMITED Vs                      STATE OF WEST BENGAL & ORS.",5,"SAROJ TULSIAN"
15,591,02/05/2015,"GA 850/2015 
EC 570/2013
","SUBIMAL SOM Vs                      STATE OF WEST BENGAL                              LEARNED A. O. R.",5,"RAMESH CHANDRA PAUL"
16,692,02/05/2015,"GA 1513/2013 
EC 137/2013
","STP LIMITED Vs                      STATE OF WEST BENGAL & ORS.",5,"MR. PARITOSH SINHA"
17,745,02/05/2015,"EC 741/2014 ","TARUN KANTI CHOUDHURY -AND- Vs                      STATE OF WEST BENGAL",5,"SUSHIL KUMAR BASU"
18,15,02/05/2015,"APO 124/2013 
GA 2969/2013 
WP 622/2012
","UTPAL GHOSE Vs         STATE OF WEST BENGAL & ORS",11,"KRISHNENDU BERA"
19,4,02/05/2015,"APO 298/2012 
WP 546/2007
","RAJESH PRASAD Vs                      STATE OF WEST BENGAL & ORS.",12,"SIMANTIKA DASGUPTA"
20,73,02/05/2015,"WP 83/2015 ","KULWANT KAUR @ KULWANT KAUR DHILON Vs                      THE STATE OF WEST BENGAL & ORS.",13,"RIMA DAS"
21,74,02/05/2015,"WP 218/2015 ","SOUMEN DAS Vs                      STATE OF WEST BENGAL & ORS.",13,"MANOJ KUMAR MONDAL"
22,75,02/05/2015,"WP 237/2015 ","SARMISTHA GHORAI Vs                      STATE OF WEST BENGAL & ORS.",13,"RIMA DAS"
23,76,02/05/2015,"WP 258/2015 ","ASHOK KUMAR BARAI Vs                      STATE OF WEST BENGAL & ORS,",13,"MANOJ KUMAR MONDAL"
24,77,02/05/2015,"WP 277/2015 ","SUNIL KUMAR MODAK Vs                      THE STATE OF WEST BENGAL & ORS.",13,"MISS DEBJANI GHOSAL"
25,78,02/05/2015,"WP 484/2015 ","NITAI KUMAR BARIK Vs                      STATE OF WEST BENGAL & ORS",13,"SAKTI PADA JANA"
26,79,02/05/2015,"WP 485/2015 ","NITAI KUMAR BARIK Vs                      STATE OF WEST BENGAL & ORS",13,"SAKTI PADA JANA"
27,81,02/05/2015,"GA 1151/2015 
WP 277/2015
","SUNIL KUMAR MODAK Vs                      THE STATE OF WEST BENGAL & ORS.",13,"DEBJANI GHOSAL"
28,91,02/05/2015,"WP 1561/2003 ","ASHOK KUMAR GUPTA Vs                      STATE OF WEST BENGAL",13,"RAMESH DHARA"
29,93,02/05/2015,"WP 1940/2003 ","ARUNDHATI CHANDA Vs                      STATE OF WEST BENGAL",13,"RAMESH DHARA"
30,94,02/05/2015,"WP 1941/2003 ","ARUNDHATI CHANDAA Vs                      STATE OF WEST BENGAL",13,"RAMESH DHARA"
31,96,02/05/2015,"WP 892/2004 ","ATANU BANERJEE Vs                      STATE OF WEST BENGAL",13,"RAMESH DHARA"
32,97,02/05/2015,"WP 905/2004 ","RAMA GUPTA Vs                      STATE OF W.B.",13,R.DHARA
33,108,02/05/2015,"WP 6/2008 ","SHANTI KUMAR PAUL Vs                      STATE OF WEST BENGAL & ORS.",13,"A. V. ASSOCIATES"
34,110,02/05/2015,"WP 738/2009 ","KISHORI SHAW & ORS. Vs                      THE STATE OF WEST BENGAL & ORS.",13,"A. V. ASSOCIATES"
35,111,02/05/2015,"WP 754/2009 ","RABINDRA NATH SINGHA Vs                      STATE OF WEST BENGAL & ORS.",13,"RATAN KUAMR  MUKHOPADHYAY"
36,118,02/05/2015,"WP 673/2010 ","ABANI MAHATO Vs                      THE STATE OF WEST BENGAL & ORS.",13,"BANEZIR AHMED"
37,120,02/05/2015,"WP 968/2010 ","SANJIT JANA Vs                      THE STATE OF WEST BENGAL & ORS.",13,"RAM UDAY BHATTACHARYA"
38,121,02/05/2015,"WP 1136/2010 ","M/S BHAGWANDAS RAMNATH Vs                      THE STATE OF WEST BENGAL & ORS.",13,"BHASKAR NANDI"
39,122,02/05/2015,"WP 1142/2010 ","RAJESH KUMAR DIWAN Vs                      STATE OF WEST BENGAL & ORS.",13,"RATAN KUMAR  MUKHOPADHYAY"
40,123,02/05/2015,"WP 1248/2010 ","MANIK DAS Vs                      THE STATE OF WEST BENGAL AND OTHERS",13,"ISHITA CHAKRABORTY"
41,124,02/05/2015,"WP 1264/2010 ","ASHOKE KUMAR MONDAL Vs                      THE STATE OF WEST BENGAL & ORS.",13,"SAKTI PADA JANA"
42,126,02/05/2015,"WP 1388/2010 ","ASHOK SHAW & ANR. Vs                      STATE OF WEST BENGAL & ORS.",13,"UPENDRA ROY"
43,127,02/05/2015,"WP 1411/2010 ","BIRENDRA PRASAD SAHU Vs                      STATE OF WEST BENGAL & ORS.",13,"BISWAPRIYA SAMANTA"
44,128,02/05/2015,"WP 1414/2010 ","SRI CHANDI DAS MAITRA Vs                      THE STATE OF WEST BENGAL & ORS.",13,"MR. BHASKAR NANDI"
45,129,02/05/2015,"WP 1472/2010 ","ANANTA KUMAR DEY Vs                      STATE OF WEST BENGAL & ORS",13,"ANANYA BERA"
46,130,02/05/2015,"WP 1473/2010 ","GOURANGA GUHA Vs                      STATE OF WEST BENGAL & ORS",13,"ANANYA BERA"
47,131,02/05/2015,"WP 1474/2010 ","SIDHARTHA CHAKRABORTY Vs                      STATE OF WEST BENGAL & ORS",13,"ANANYA BERA"
48,133,02/05/2015,"WP 1556/2010 ","RANJAN KUMAR NANDA Vs                      STATE OF WEST BENGAL & ORS.",13,"MISS ANANYA BERA"
49,134,02/05/2015,"WP 10/2011 ","ASHOK ROY CHOWDHURY Vs                      STATE OF WEST BENGAL & ORS.",13,"UPENDRA ROY"
50,136,02/05/2015,"WP 54/2011 ","AMAL MAJUMDER Vs                      THE STATE OF WEST BENGAL & ORS.",13,"A. V. ASSOCIATES"
51,137,02/05/2015,"WP 137/2011 ","WEST BENGAL KEROSENE DEALERS' ASSOCIATION & ANR. Vs                      THE STATE OF WEST BENGAL & ORS.",13,"A. V. ASSOCIATES"
52,139,02/05/2015,"WP 216/2011 ","HARENDRA NATH ROY Vs                      THE STATE OF WEST BENGAL & ORS.",13,"A. V. ASSOCIATES"
53,140,02/05/2015,"WP 217/2011 ","KANTA NARAYAN ROY Vs                      THE STATE OF WEST BENGAL & ORS.",13,"A. V. ASSOCIATES"
54,141,02/05/2015,"WP 218/2011 ","ARIJIT KUMAR ROY Vs                      THE STATE OF WEST BENGAL & ORS.",13,"A. V. ASSOCIATES"
55,142,02/05/2015,"WP 257/2011 ","PRABIR MAJUMDER Vs                      THE STATE OF WEST BENGAL & ORS.",13,"ISHITA CHAKRABORTY"
56,143,02/05/2015,"WP 260/2011 ","SRI MANIK DAS Vs                      THE STATE OF WEST BENGAL & ORS.",13,"ISHITA CHAKRABORTY"
57,147,02/05/2015,"WP 558/2011 ","PRABAL PAL Vs                      THE STATE OF WEST BENGAL & ORS.",13,"SK.SAMIM AKHTER"
58,150,02/05/2015,"WP 992/2011 ","SOVAN MAITY Vs                      STATE OF WEST BENGAL & ORS.",13,"SK.SAMIM AKHTAR"
59,151,02/05/2015,"WP 31/2012 ","MUKTIPADA SETH  & ORS. Vs                      STATE OF WEST BENGAL & ORS.",13,"MS. A.V.ASSOCIATES"
60,152,02/05/2015,"WP 51/2012 ","NAZIA BEGAM Vs                      STATE OF WEST BENGAL & ORS.",13,A.V.ASSOCIATES
61,155,02/05/2015,"WP 151/2012 ","ASIT BARAN LAHA & ANR. Vs                      THE STATE OF WEST BENGAL & ORS.",13,"M/S A.V. ASSOCIATES"
62,157,02/05/2015,"WP 406/2012 ","TIRUPATI AGROSEED DISTRIBUTOR PVT.LTD. Vs                      STATE OF WEST BENGAL & ORS.",13,"RAJAT DUTTA"
63,158,02/05/2015,"WP 611/2012 ","SURESH KUMAR KANOI Vs                      THE STATE OF WEST BENGAL & ORS",13,"MR. DEBASHIS SAHA"
64,163,02/05/2015,"WP 168/2013 ","MILLENIUM SKY SCRAPPERS PVT LTD AND ANR Vs                      STATE OF WEST BENGAL AND ORS",13,"TAPATI CHATTERJEE"
65,164,02/05/2015,"WP 169/2013 ","SITARAM AGARWALLA Vs                      STATE OF WEST BENGAL AND ORS",13,"M/S. A . V.  ASSOCIATES"
66,165,02/05/2015,"WP 241/2013 ","PRABODH CHAR Vs                      THE STATE OF WEST BENGAL & ORS.",13,"SOUMEN BHATTACHARJEE"
67,168,02/05/2015,"WP 372/2013 ","KIRAN PANDIT Vs                      STATE OF WEST BENGAL AND ORS",13,"GITASHREE MISTRY"
68,169,02/05/2015,"WP 406/2013 ","CHINTAMONI BEHERA Vs                      STATE OF WEST BENGAL AND ORS",13,"S.N. MUKHERJEE"
69,170,02/05/2015,"WP 467/2013 ","SUBRATA SHEE Vs                      STATE OF WEST BENGAL & ORS.",13,"GITASHREE MISTRY"
70,177,02/05/2015,"WP 199/2014 ","RAMANI RANJAN DHAR MAHAPATRA Vs                      STATE OF WEST BENGAL AND ORS",13,"SOUMI PAL"
71,178,02/05/2015,"WP 248/2014 ","APPAL NAIDU Vs                      STATE OF WEST BENGAL AND ORS",13,"S . N . MUKHERJEE"
72,179,02/05/2015,"WP 267/2014 ","ASHOK KUMAR SHARMA & ORS. Vs                      STATE OF WEST BENGAL & ORS.",13,A.V.ASSOCIATES
73,180,02/05/2015,"WP 268/2014 ","M/S GOUTAM KUMAR NANDI & ORS. Vs                      STATE OF WEST BENGAL & ORS.",13,A.V.ASSOCIATES
74,183,02/05/2015,"WP 564/2014 ","SWAPAN CHATTERJEE Vs                      STATE OF WEST BENGAL & ORS.",13,"S.N. MUKHERJEE"
75,184,02/05/2015,"WP 565/2014 ","SK. LADLA Vs                      STATE OF WEST BENGAL & ORS.",13,"S.N. MUKHERJEE"
76,185,02/05/2015,"WP 566/2014 ","SUNANDA DAS Vs                      STATE OF WEST BENGAL & ORS.",13,"S.N. MUKHERJEE"
77,186,02/05/2015,"WP 567/2014 ","DEBESH DEY SARKAR Vs                      STATE OF WEST BENGAL & ORS.",13,"S..N. MUKHERJEE"
78,187,02/05/2015,"WP 568/2014 ","AVIJIT DAS Vs                      STATE OF WEST BENGAL & ORS.",13,"S.N. MUKHERJEE"
79,196,02/05/2015,"GA 558/2015 
WP 961/2013
","RAMESH KUMAR NEMANI Vs                      STATE OF WEST BENGAL AND ORS",13,"PARITOSH SINHA"
80,107,02/05/2015,"AP 1333/2014 ","UNITED UNEMPLOYED ENGINEERS CO-OPERATIVE SOCIETY LIMITED Vs                      STATE OF WEST BENGAL & ORS.",23,"NAVOJIT  MUKHERJEE"
81,141,02/05/2015,"AP 1527/2014 ","MITRA REAL ESTATE PVT. LTD Vs                      STATE OF WEST BENGAL, & ORS.",23,"BIJON MAJUMDAR"
82,191,02/05/2015,"AP 1729/2014 ","RAJPATH CONTRACTORS AND ENGINEERS LTD, Vs                      STATE OF WEST BENGAL & ORS,",23,"HIMADRI SHEKHAR  CHAKRABORTY"
83,236,02/05/2015,"AP 1837/2014 ","MITRA REAL ESTATE PVT. LTD. Vs                      STATE OF WEST BENGAL, PW (ROADS)",23,"BIJON MAJUMDER"
84,244,02/05/2015,"AP 1856/2014 ","DILIP KUMAR SAHA Vs                      STATE OF WEST BENGAL",23,"SARAJIT MITRA"
85,320,02/05/2015,"AP 2022/2014 ","PAM DEVELOPMENTS PRIVATE LIMITED Vs                      STATE OF WEST BENGAL & ANR.",23,"AMRITAM MANDAL"
86,322,02/05/2015,"AP 2024/2014 ","PAM DEVELOPMENTS PRIVATE LIMITED Vs                      STATE OF WEST BENGAL & ANR.",23,"AMRITAM MANDAL"
87,357,02/05/2015,"AP 15/2015 ","B.B.M. ENTERPRISES Vs                      STATE OF WEST BENGAL & ORS",23,"TAPAS KUMAR DEY"
88,400,02/05/2015,"AP 74/2015 ","DILIP KUMAR CHATTERJEE Vs                      STATE OF WEST BENGAL & ORS.",23,"NAVOJIT MUKHERJEE"
89,467,02/05/2015,"AP 195/2015 ","STATE OF WEST BENGAL & ORS. Vs                      M/S M.S ENGINEERING",23,"MR. PARITOSH SINHA"
90,726,02/05/2015,"AP 628/2015 ","DOOARS CONSTRUCTION COMPANY Vs                      STATE OF WEST BENGAL & ORS.",23,"SARAJIT MITRA"
91,1517,02/05/2015,"AP 158/2012 ","THE STATE OF WEST BENGAL Vs                      AFCONS PAULING (INDIA ) LTD.",23,"PARITOSH SINHA"
92,1518,02/05/2015,"AP 159/2012 ","THE STATE OF WEST BENGAL Vs                      AFCONS PAULING (INDIA) LTD.",23,"PARITOSH SINHA"
93,1519,02/05/2015,"AP 160/2012 ","THE STATE OF WEST BENGAL Vs                      AFCONS PAULING (INDIA) LTD.",23,"PARITOSH SINHA"
94,1520,02/05/2015,"AP 161/2012 ","THE STATE OF WEST BENGAL Vs                      AFCONS INFRASTRUCTURE LTD.",23,"PARITOSH SINHA"
95,1526,02/05/2015,"AP 597/2011 ","STATE OF WEST BENGAL & ORS. Vs                      M/S JHANENDRA NATH CHOWDHURY",23,"PARITOSH SINHA"
96,1637,02/05/2015,"AP 1087/2011 ","STATE OF WEST BENGAL, REP BY SECRETARY, PWD, GOVT OF WB Vs                      BHARAT VANIJYA EASTERN PVT. LTD.",23,"MR PARITOSH  SINHA"
97,1648,02/05/2015,"AP 1260/2014 ","BHARAT VANIJYA EASTERN PVT LTD Vs                      STATE OF WEST BENGAL",23,"SARAJIT MITRA"
98,1664,02/05/2015,"AP 215/2006 ","STATE OF WEST BENGAL Vs                      KALIPADA BAG",23,"PARITOSH SINHA"
99,1665,02/05/2015,"AP 216/2006 ","STATE OF W.B.(P.W.D.) ROADS. Vs                      AFCONS PAULING (INDIA) LTD.",23,"PARITOSH SINHA"
100,1671,02/05/2015,"AP 419/2006 ","TECHNICAL ASSOCIATED CONSTRUCTION CO. Vs                      STATE OF W.B.",23,"RAJENDRA NATH BARIK"
101,1694,02/05/2015,"AP 195/2007 ","THE STATE OF WEST BENGAL Vs                      AFCONS PAULING (INDIA) LIMITED",23,"PARITOSH SINHA"
102,1695,02/05/2015,"AP 199/2007 ","AFCONS INFRASTRUCTURE LIMITED Vs                      STATE OF WEST BENGAL",23,"PARITOSH SINHA"
103,1700,02/05/2015,"AP 341/2007 ","SM. SOMA DAS Vs                      THE STATE OF WEST BENGAL & ORS.",23,"PARAMESH  BHATTACHARYYA"
104,1705,02/05/2015,"AP 258/2008 ","M/S. TARUN KANTI CHOUDHURY Vs                      STATE OF WEST BENGAL                              SINHA & CO.",23,"SUSHIL KUMAR BASU"
105,1725,02/05/2015,"AP 579/2008 ","STATE OF WEST BENGAL Vs                      PAM DEVELOPMENTS PRIVATE LIMITED",23,"PARITOSH SINHA"
106,1730,02/05/2015,"AC 3/2009 
GA 2891/2009 ","JPC ENGINEERING CONCERN Vs         STATE OF WEST BENGAL",23,"SUSHIL KUMAR BASU"
107,1739,02/05/2015,"AP 224/2009 ","THE STATE OF WEST BENGAL Vs                      BIJAN BEHARI CHOWDHURY",23,"PARITOSH SINHA"
108,1751,02/05/2015,"AP 377/2009 ","STATE OF WEST BENGAL Vs                      HINDUSTAN CONSTRUCTION OF SONATOREPARA",23,"PARITOSH SINHA"
109,1764,02/05/2015,"AP 654/2009 ","STATE OF WEST BENGAL Vs                      PALM DEVELOPMENT PVT. LTD.",23,"PARITOSH SINHA"
110,1765,02/05/2015,"AP 655/2009 ","STATE OF WEST BENGAL Vs                      S. K. CONSTRUCTION",23,"PARITOSH SINHA"
111,1775,02/05/2015,"AP 16/2010 ","STATE OF WEST BENGAL & ANR. Vs                      TAPAS KUMAR HAZRA & DEVELOPMENT CONCERN",23,"PARITOSH SINHA"
112,1777,02/05/2015,"AP 28/2010 ","STATE OF WEST BENGAL Vs                      SHAMBHUNATH GHOSH",23,"PARITOSH SINHA"
113,1787,02/05/2015,"AP 212/2010 ","STATE OF WEST BENGAL Vs                      PAM DEVELOPMENT PRIVATE LIMITED",23,"ASHIM KUMAR  CHATTERJEE"
114,1821,02/05/2015,"AP 804/2010 ","THE STATE OF WEST BENGAL & ORS. Vs                      M/S. S. S. MONDAL & COMPANY",23,"PARITOSH SINHA"
115,1826,02/05/2015,"AP 96/2011 ","STATE OF WEST BENGAL Vs                      ELSAMEX SA",23,"PARITOSH SINHA"
116,1833,02/05/2015,"AP 234/2011 ","TAPAS KUMAR HAZRA & DEVELOPMENT CONCERN Vs                      STATE OF WEST BENGAL",23,"SUSHIL KUMAR BASU"
117,1859,02/05/2015,"AP 654/2011 ","STATE OF WEST BENGAL Vs                      SAMBHU NATH GHOSH & CO. & ANR.",23,"MR PARITOSH SINHA"
118,1867,02/05/2015,"AP 899/2011 ","STATE OF WEST BENGAL Vs                      CAB ENGINEERING PRIVATE LIMITED",23,"PARITOSH SINHA"
119,1871,02/05/2015,"AP 915/2011 ","STATE OF WEST BENGAL Vs                      RAJPATH CONTRACTORS & ENGINEERS LIMITED & ORS.",23,"PARITOSH SINHA"
120,1873,02/05/2015,"AP 928/2011 ","STATE OF WEST BENGAL Vs                      M/S CHAKRABORTY & COMPANY",23,"PARITOSH SINHA"
121,1876,02/05/2015,"AP 1036/2011 ","STATE OF WEST BENGAL Vs                      TAPAS KUMAR HAZRA",23,"PARITOSH SINHA"
122,1878,02/05/2015,"AP 15/2012 ","STATE OF WEST BENGAL, REP BY THE SUPERINTENDING ENGINEER, EA Vs                      WESTINGHOUSE SAXBY FARMER LIMITED",23,"MR  PARITOSH SINHA"
123,1880,02/05/2015,"AP 65/2012 ","M/S CHOUDHURY CONSTRUCTION Vs                      STATE OF WEST BENGAL & ANR.                       PARITOSH SINHA",23,"SUSHIL KUMAR BASU"
124,1885,02/05/2015,"AP 188/2012 ","M/S. MALDA CONSTRUCTION CO. Vs                      STATE OF WEST BENGAL",23,"SUSHIL KUMAR BASU"
125,1887,02/05/2015,"AP 308/2012 ","STATE OF WEST BENGAL Vs                      USHA RANJAN SARKAR",23,"MR PARITOSH SINHA"
126,1901,02/05/2015,"AP 557/2012 ","THE STATE OF WEST BENGAL AND ORS. Vs                      DILIP KUMAR CHATTERJEE",23,"MR. PARITOSH SINHA"
127,1915,02/05/2015,"AP 866/2012 ","THE STATE OF WEST BENGAL Vs                      MADHUSUDAN GARAI",23,"PARITOSH SINHA"
128,1920,02/05/2015,"AP 898/2012 ","ABS CONSTRUCTION Vs                      STATE OF WEST BENGAL & ANR.                       SINHA & CO.",23,"AMIT KUMAR SAHA"
129,1941,02/05/2015,"AP 468/2013 ","SOMA DAS Vs                      STATE OF WEST BENGAL & ORS.",23,"BIJAN MAJUMDAR"
130,1944,02/05/2015,"AP 564/2013 ","THE STATE OF WEST BENGAL Vs                      SOMA DAS",23,"PARITOSH SINHA"
131,1988,02/05/2015,"AP 110/2014 ","STATE OF WEST BENGAL & ANR. Vs                      M/S NK BASU & CO",23,"PARITOSH SINHA"
132,2035,02/05/2015,"AP 89/2015 ","THE STATE OF WEST BENGAL & ORS. Vs                      M/S. DILIP KUMAR SAHA",23,"PARITOSH SINHA"
133,16,02/05/2015,"WP 263/2015 ","SADHAN NANDY Vs                      STATE OF WEST BENGAL & ORS.",31,"KUSHAL PAUL"
134,17,02/05/2015,"WP 281/2015 ","AMARENDRA NATH ROYCHOWDHURY Vs                      STATE OF WEST BENGAL & ORS,.",31,"DEBDUTTA BASU"
135,22,02/05/2015,"WP 351/2015 ","OSMAN AL ZOBAIDI Vs                      STATE OF WEST BENGAL & ORS,",31,"SADHANA RAO"
136,24,02/05/2015,"WP 364/2015 ","BANWARI LAL TAK Vs                      STATE OF W.B. , SECT. DEPT. OF FINANCE, GOVT. OF W.B. & ORS",31,"SUTANU KARMAKAR"
137,38,02/05/2015,"WP 413/2015 ","NILESH KUMAR SINGH Vs                      THE STATE OF WEST BENGAL & ORS.",31,"PIYAL GUPTA"
138,39,02/05/2015,"WP 414/2015 ","MANOJ GOYAL Vs                      THE STATE OF WEST BENGAL & ORS.",31,"PIYAL GUPTA"
139,44,02/05/2015,"WP 436/2015 ","MAHUA SHEE Vs                      STATE OF WEST BENGAL & ORS,.",31,"S.N. GHOSH"
140,47,02/05/2015,"WP 440/2015 ","DEBDASI DAS & ANR. Vs                      STATE OF WEST BENGAL & ORS.",31,"DIPAK RANJAN  MUKHERJEE"
141,49,02/05/2015,"WP 442/2015 ","INDRAJIT SEN Vs                      STATE OF WEST BENGAL & ORS",31,"INDRAJIT SEN (IN  PERSON)"
142,55,02/05/2015,"WP 456/2015 ","SUBHAS CHAKRABORTY & ORS Vs                      STATE OF WEST BENGAL & ORS",31,"DEBDUTTA BASU"
143,68,02/05/2015,"WP 478/2015 ","MOHAN MOTOR SERVICES PVT. LTD. Vs                      STATE OF WEST BENGAL & ORS.",31,"SUDESHNA MAZUMDER"
144,69,02/05/2015,"WP 479/2015 ","NETAI CHANDRA GHOSH Vs                      THE STATE OF WEST BENGAL & OTHERS.",31,"MR BIJAN BIHARI ROY"
145,71,02/05/2015,"WP 481/2015 ","EASTERN INDUSTRIES & MARKETING CO. Vs                      STATE OF WEST BENGAL & ORS",31,"SUDESHNA MAZUMDER"
146,76,02/05/2015,"WP 490/2015 ","PARIVARTAN MERCANTILES PVT. LTD. Vs                      STATE OF WEST BENGAL & ORS,                       PIYAL GUPTA",31,
147,77,02/05/2015,"WP 492/2015 ","EMICHEM PVT. LTD. & ANR. Vs                      STATE OF WEST BENGAL & ANR.",31,"RITA MUKHERJEE"
148,78,02/05/2015,"WP 493/2015 ","M/S. HITECH PLASTOCHEM UDYOG PRIVATE LIMITED Vs                      STATE OF WEST BENGAL & ORS.",31,"ABHIJIT BISWAS"
149,79,02/05/2015,"WP 494/2015 ","M/S. INTERNATIONAL AUDIO AND MUSIC PRIVATE LIMITED Vs                      STATE OF WEST BENGAL & ORS.",31,"ABHIJIT BISWAS"
150,80,02/05/2015,"WP 495/2015 ","M/S. MAAN POLYPACKS PRIVATE LIMITED Vs                      STATE OF WEST BENGAL & ORS.",31,"ABHIJIT BISWAS"
151,81,02/05/2015,"WP 498/2015 ","ASHOKA BUILDCON LTD Vs                      STATE OF WEST BENGAL & ORS",31,"SUDESHNA MAZUMDER"
152,82,02/05/2015,"WP 499/2015 ","VINAYAK SALES AGENCY Vs                      STATE OF WEST BENGAL & ORS",31,"SUDESHNA MAZUMDER"
153,88,02/05/2015,"WP 512/2015 ","K.L. MECHANICAL WORKS PVT. LTD. Vs                      STATE OF WEST BENGAL & ORS.",31,"DEBANUJ BASU THAKUR"
154,92,02/05/2015,"GA 1174/2015 
WP 346/2014
","SUVRA KUMAR DEY Vs                      STATE OF WEST BENGAL AND ORS",31,"SANCHAYITA DE"
155,93,02/05/2015,"GA 1191/2015 
WP 1106/2012
","PRAMOD SHROHH Vs                      THE STATE OF WEST BENGAL & ORS.",31,"ARUP KUMAR ACHARYA"
156,134,02/05/2015,"WP 1979/2005 ","VODAFONE EAST LTD & ANR Vs                      STATE OF W.B.",31,"KHAITAN  CO."
157,144,02/05/2015,"WP 591/2011 ","KARTICK CHANDRA SAHA & ORS. Vs                      THE STATE OF WEST  BENGAL & ORS.",31,S.S.BHUTORIA
158,150,02/05/2015,"WP 140/2012 ","PEI MAY CHINESE HIGH SCHOOL REP. BY ITS SECRETARY CHEN KHOI Vs                      THE STATE OF WEST BENGAL & ORS.",31,"SUNIL  KUMAR CHAKRABORTY"
159,162,02/05/2015,"WP 621/2013 ","SUVRA KUMAR DEY Vs                      STATE OF WEST BENGAL AND ORS",31,"KABERI SENGUPTA (MRS.  MAITI)"
160,171,02/05/2015,"WP 124/2014 ","M/S WINDOW GLASS LTD Vs                      THE STATE OF WEST BENGAL & ORS.",31,"DEBANUJ BASU THAKUR"
161,172,02/05/2015,"WP 233/2014 ","SMT. SILA ROY Vs                      STATE OF WEST BENGAL & ORS.",31,"SMT. MIRU HAJRA"
162,173,02/05/2015,"WP 346/2014 ","SUVRA KUMAR DEY Vs                      STATE OF WEST BENGAL AND ORS",31,"SANCHAYITA DE"
163,182,02/05/2015,"WP 704/2014 ","UPENDRA KUMAR Vs                      STATE OF WEST BENGAL & ORS.",31,"SUSANTA PAL"
164,185,02/05/2015,"WP 741/2014 ","AMAR NATH TIWARI Vs                      THE STATE OF WEST BENGAL & ORS.",31,"SUMAN CHATTOPADHYAY"
165,191,02/05/2015,"WP 832/2014 ","ATANU KUMAR CHOWDHURY & ORS. Vs                      THE STATE OF WEST BENGAL & ORS.",31,"DEBJANI GHOSHAL"
166,206,02/05/2015,"WP 956/2014 ","RASHMI METALIKS LTD & ANR Vs                      THE STATE OF WEST BENGAL & ORS.",31,"MR PRAABHAT KR.  SRIVASTAWA"
167,207,02/05/2015,"WP 988/2014 ","ABHIJIT CHAKRABORTY Vs                      THE STATE OF WEST BENGAL & ORS.",31,"TANMOY MUKHERJEE"
168,208,02/05/2015,"WP 1020/2014 ","M/S. SYNERGY ELECTRIC PVT.LTD. Vs                      STATE OF WEST BENGAL & ANR.",31,"SOMAK BASU"
169,209,02/05/2015,"WP 1033/2014 ","M/S. STRATHSPEY LABS PVT LTD Vs                      STATE OF WEST BENGAL & ORS",31,"SOMAK BASU"
170,210,02/05/2015,"WP 1040/2014 ","M/S. SUPERSMELT FERRO ALLOYS PVT. LTD. Vs                      STATE OF WEST BENGAL & ORS,.",31,"SOMAK BASU"
171,211,02/05/2015,"WP 1041/2014 ","MANPASAND AGRO FOOD PVT. LTD. Vs                      STATE OF WEST BENGAL & ORS.",31,"SOMAK BASU"
172,212,02/05/2015,"WP 1048/2014 ","GOUTAM KUMAR DAS Vs                      STATE OF WEST BENGAL & ORS,",31,"DEBDUTTA BASU"
173,218,02/05/2015,"WP 1069/2014 ","RABIN MONDAL Vs                      STATE OF WEST BENGAL & ORS,",31,"SUSANTA PAL"
174,226,02/05/2015,"WP 1140/2014 ","SAILEN BHUIYA Vs                      STATE OF WEST BENGAL & ORS",31,"SUSANTA PAL"
175,231,02/05/2015,"GA 3041/2014 
WP 58/2002

GA 3042/2014
","S. VASUDEVA PILLAI & ORS. Vs                      STATE OF WEST BENGAL",31,"UTTAM KUMAR DE"
176,234,02/05/2015,"WP 11/2015 ","CHHOTARIA EXIM PVT. LTD. Vs                      STATE OF WEST BENGAL & ORS.",31,"PIYAL GUPTA"
177,235,02/05/2015,"WP 12/2015 ","NAVYUG ENTERPRISE Vs                      STATE OF WEST BENGAL & ORS.",31,"PIYAL GUPTA"
178,236,02/05/2015,"WP 24/2015 ","MIRA GOEL Vs                      THE STATE OF WEST BENGAL & ORS.",31,"DEBANUJ BASU THAKUR"
179,237,02/05/2015,"WP 25/2015 ","CHEM INDIA Vs                      THE STATE OF WEST BENGAL & ORS.",31,"DEBANUJ BASU THAKUR"
180,238,02/05/2015,"WP 27/2015 ","M/S. SPICE RETAILS LTD. Vs                      THE STATE OF WEST BENGAL & ORS.",31,"DEBANUJ BASU THAKUR"
181,239,02/05/2015,"WP 28/2015 ","STC INTERNATIONAL Vs                      THE STATE OF WEST BENGAL & ORS.",31,"DEBANUJ BASU THAKUR"
182,242,02/05/2015,"WP 36/2015 ","RDB RASAYANS LTD. & ANR. Vs                      STATE OF WEST BENGAL & ANR.",31,"SHARMA KAJARIA AND  COMPANY"
183,244,02/05/2015,"WP 39/2015 ","EMAMI REALTY LIMITED & ANR. Vs                       STATE OF W.B. THROUGH THE SEC. DEPARTMENT OF FINANCE & ORS",31,"KHAITAN  CO."
184,245,02/05/2015,"WP 40/2015 ","BENGAL BIRI FACTORY Vs                      STATE OF WEST BENGAL & ORS.",31,"DEBANUJ BASU THAKUR"
185,246,02/05/2015,"WP 41/2015 ","SUBRATA CHOWDHURY Vs                      STATE OF WEST BENGAL & ORS.",31,"DEBANUJ BASU THAKUR"
186,248,02/05/2015,"WP 48/2015 ","RAJESH GOYAL Vs                      THE STATE OF WEST BENGAL & ORS.",31,"PIYAL GUPTA"
187,249,02/05/2015,"WP 49/2015 ","DEV INTERNATIONAL Vs                      THE STATE OF WEST BENGAL & ORS.",31,"PIYAL GUPTA"
188,250,02/05/2015,"WP 51/2015 ","SULTANIA MARBLES ENTERPRISES Vs                      STATE OF WEST BENGAL & ORS.",31,"PIYAL GUPTA"
189,251,02/05/2015,"WP 52/2015 ","NABA KUMAR BASAK Vs                      STATE OF WEST BENGAL & ORS.",31,"PIYAL GUPTA"
190,252,02/05/2015,"WP 56/2015 ","KALINGA ALLIED INDUSTRIES Vs                      STATE OF WEST BENGAL & ORS,.",31,"DEBANUJ BASU THAKUR"
191,254,02/05/2015,"WP 67/2015 ","MANAS BOSE & ORS. Vs                      THE STATE OF WEST BENGAL & ORS.",31,"GOLAM MOHAMMAD"
192,256,02/05/2015,"WP 74/2015 ","PISCES SHOES & ANR. Vs                      THE STATE OF WEST BENGAL & ANR.",31,"SWAPNA DAS"
193,257,02/05/2015,"WP 75/2015 ","HUSEIN ALI VIRANI Vs                      THE STATE OF WEST BENGAL & ANR.",31,"SWAPNA DAS"
194,258,02/05/2015,"WP 76/2015 ","AUTO HILINK PRIVATE LIMITED Vs                      THE STATE OF WEST BENGAL & ORS.",31,"PIYAL GUPTA"
195,259,02/05/2015,"WP 79/2015 ","GENA PHARMACEUTICALS LIMITED Vs                      THE STATE OF WEST BENGAL & ORS.",31,"DEBANUJ BASU THAKUR"
196,260,02/05/2015,"WP 82/2015 ","SUNIL KUMAR MANTRI Vs                      THE STATE OF WEST BENGAL & ORS.",31,"DEBANUJ BASU THAKUR"
197,261,02/05/2015,"WP 87/2015 ","DINESH BHOJNAGESWALAL Vs                      THE STATE OF WEST BENGAL & ORS.",31,"PIYAL GUPTA"
198,262,02/05/2015,"WP 88/2015 ","MANOJ SURANA Vs                      THE STATE OF WEST BENGAL & ORS.",31,"PIYAL GUPTA"
199,263,02/05/2015,"WP 89/2015 ","PRAVEEN KUMAR SURANA Vs                      THE STATE OF WEST BENGAL & ORS.",31,"PIYAL GUPTA"
200,264,02/05/2015,"WP 90/2015 ","RAJ LAXMI PANDEY Vs                      THE STATE OF WEST BENGAL & ORS.",31,"PIYAL GUPTA"
201,268,02/05/2015,"WP 101/2015 ","DOHARIA ISPAT PVT. LTD. Vs                      STATE OF WEST BENGAL & ORS.",31,"A. K. CHOWDHARY & CO."
202,277,02/05/2015,"WP 117/2015 ","UDAY BIR LAW @ UDAYBIR LAL & ANR. Vs                      STATE OF WEST BENGAL & ORS.",31,"SYED SHAMSUL AREFIN"
203,278,02/05/2015,"WP 123/2015 ","ABHIJEET SINGH Vs                      THE STATE OF WEST BENGAL & ORS.",31,"DEBDUTTA BASU"
204,279,02/05/2015,"WP 135/2015 ","ESKO DIE CASTING PVT. LTD Vs                      STATE OF WEST BENGAL & ORS.",31,"PIYAL GUPTA"
205,280,02/05/2015,"WP 138/2015 ","SILVERTON METALS (P) LTD. Vs                      STATE OF WEST BENGAL & ORS,.",31,"DEBANUJ BASU THAKUR"
206,281,02/05/2015,"WP 139/2015 ","GANESH CHANDRA SHAHA Vs                      STATE OF WEST BENGAL & ORS,",31,"DEBANUJ BASU THAKUR"
207,282,02/05/2015,"WP 146/2015 ","GCL (INDIA) PVT. LTD. Vs                      STATE OF WEST BENGAL & ORS.",31,"PIYAL GUPTA"
208,284,02/05/2015,"WP 149/2015 ","PAYAL DEALERS PVT. LTD. Vs                      STATE OF WEST BENGAL & ORS,.",31,"PIYAL GUPTA"
209,285,02/05/2015,"WP 150/2015 ","P.B. HOLOTECH INDIA PVT. LTD. Vs                      STATE OF WEST BENGAL & ORS.",31,"PIYAL GUPTA"
210,287,02/05/2015,"WP 161/2015 ","BANIBRATA BASU Vs                      STATE OF WEST BENGAL & ORS.",31,"SIDDHARTHA PRATIM  DUTTA"
211,289,02/05/2015,"WP 175/2015 ","MANOJ KUMAR JHA Vs                      STATE OF WEST BENGAL & ORS,.",31,"DEBDUTTA BASU"
212,291,02/05/2015,"WP 179/2015 ","CHINMOY KUMAR CHATTERJEE Vs                      THE STATE OF WEST BENGAL & ORS.",31,"DEBDUTTA BASU"
