"SL NO.","ITEM NO.","CASE NO","CAUSE TITLE",COURT,"ALLOTMENT TO A.O.R.","COUNSEL - 1","COUNSEL - 2",LAWYER
1,340,"GA 551/2014 
APO 309/2013

APOT 540/2013

GA 3246/2013

WP 865/2012
","Appl in         TAPAN BHATTACHARYYA &  ORS. Vs          THE KOLKATA MUNICIPAL CORPORATION & ORS.",4,,"AMITESH BANERJEE 9830053066","JR OF HIS CHOICE","TAPATI CHATTERJEE"
2,14,"GA 3662/2014 
CS 240/2014
","BISHNUPADA BISWAS & ORS. Vs                      SWAPAN KUMAR ROY & ORS.                           H.N. DUTTA & COMPANY",5,"PARITOSH SINHA","RANJAN BACHAWAT",,"SYED ZULFIKAR ALI"
3,24,"GA 404/2015 
CS 318/2014
","CITI BANK N.A. & ANR. Vs                      SYED MOHAMMAD SAHABUDDIN & ORS.",5,,"AMITESH BANERJEE 9830053066","JR OF HIS CHOICE","SANDERSONS & MORGANS"
4,80,"CS 295/2012 
GA 2494/2012 ","VIDEOCON INDUSTRIES LTD & ANR. Vs         COAL INDIA LTD & ORS.",5,,"PRADIP DUTTA  9831184392","PRIYANKA S. TIBREWAL ","MAKHAN ROY"
5,122,"GA 375/2014 
EC 199/2012
","SUNEEL SWAIKA Vs                      BIJOY KUMAR SWAIKA & ORS.",5,,"AMITESH BANERJEE 9830053066","JR OF HIS CHOICE","L.P.MANOT & CO"
6,157,"GA 1909/2014 
CS 51/2006
","KENA RAM DEY Vs                      DINOBANDHU DEY",5,,"SIPRA MAJUMDER",,"AYAN KUMAR BORAL"
7,198,"GA 3171/2014 
CS 365/2014
","MAYUR SALES PVT. LTD. & ORS. Vs                      ANIL SINGHANIA & ORS.",5,,"JOYTOSH MAJUMDAR
8013643212","JR OF HIS CHOICE","ADITYA KANODIA"
8,478,"EC 192/2015 ","M/S. HDB FINANCIAL SERVICES LIMITED Vs                      SUMANGAL INDUSTRIES LIMITED & ORS.",5,,"ARINDAM MONDAL",,"SKR & ASSOCIATES"
9,628,"GA 1299/2015 
CS 8/2011
","KAMINI MOHAN SARKAR Vs                      NIKHIL RANJAN SEN & ORS.",5,,"SAMRAT SEN 9830173356�","MAINAK BOSE 9830467707","KINJAL KUMAR BARAL"
10,699,"GA 1859/2013 
CS 94/2013
","SANLAAP & ANR. Vs                      DEEPAK KUMAR PRAHLADKA",5,"PARITOSH SINHA","SAKYA SEN 9830110674",,"SANDIP KUMAR  BHATTACHARYYA"
11,2,"GA 796/2015 
APOT 94/2015

WP 1083/2014
","SRI NARESH BAJAJ & ORS. Vs                      SANDIP PYNE",11,"PARITOSH SINHA","ARINDAM MONDAL",,"JOY BANERJEE"
12,3,"GA 262/2015 
APOT 27/2015

WP 1083/2014
","SRI NARESH BAJAJ & ORS. Vs                      SANDIP PYNE & ORS.",11,"PARITOSH SINHA","ARINDAM MONDAL",,"JOY BANERJEE"
13,12,"GA 448/2015 
APO 67/2015

WP 1036/2011
","ALCOVE CO-OPERATIVE HOUSING SOCIETY LIMITED & ANR. Vs                      THE KOLKATA MUNICIPAL CORPORATION & ORS.",11,,"APARNA GHOSH",,"MANOJ MALHOTRA"
14,8,"GA 771/2015 
CS 978/1935
","SANTIMOY KUNDU CHOWDHURY & ORS. Vs                      SAMIR KUMAR  KUNDU CHOWDHURY & ORS.",13,,"ADDL AOR","JR OF HIS CHOICE","NAVOJIT MUKHERJEE"
15,16,"CC 110/2014 ","RAMESH KUMAR NEMANI Vs                      H.K. DWIVEDI,",13,,"KISHORE DUTTA  9830282362","BILLWADAL BHATTACHARJEE 9831011379","C.K. JAIN & CO,"
16,72,"WP 932/2014 ","NMH MD ESMAIL Vs                      KOLKATA MUNICIPAL CORPORATION & ORS,",13,,"SIPRA MAJUMDER 9831895255","JR OF HIS CHOICE","LOPAMUNDRA MOITRA"
17,83,"GA 1384/2015 
WP 283/2009
","BRAND & MORE MAPP Vs                      THE KOLKATA MUNICIPAL CORPORATION & ORS.",13,,"ARINDAM MONDAL",,"TARUNJYOTI TEWARI"
18,92,"WP 1670/2003 ","JAYANTA HAZRA Vs                      UNION OF INDIA",13,,"TALAY MASUD SIDDIQUI 9831260304"," ","K.K. NASKAR"
19,100,"WP 1552/2005 
GA 1437/2014 ","MRS. AFSHAN MEERZA & ORS. Vs         K.M.C.",13,,"MD. NIZAMUDDIN 9831673933",,"BIMALENDU DAS"
20,107,"WP 1085/2006 ","MAYA AGARWAL Vs                      STATE",13,,"KISHORE DUTTA  9830282362","AMITAVA MITRA 9831209762","RANABIR ROY CHOWDHURY"
21,171,"WP 712/2013 ","NARENDRA BAJAJ AND ORS Vs                      KOLKATA MUNICIPAL CORPORATION AND ORS",13,,"CHAMA MUKHERJEE 9830415343","TALAY MASUD SIDDIQUI 9831260304","ANS ASSOCIATES"
22,173,"WP 1082/2013 ","RITA MITRA Vs                      KOLKATA MUNICIPAL CORPORATION AND ORS",13,"PARITOSH SINHA","BILLWADAL BHATTACHARJEE 9831011379",,"SUMITA SHAW"
23,190,"WP 1083/2014 ","SANDIP PYNE Vs                      KOLKATA MUNICIPALITY CORPORATION & ORS",13,,"ARINDAM MONDAL","ANKITA MITRA           9331971439","AMRITA SINHA"
24,193,"WP 1260/2014 ","SHENAAZ HAFIZ & ORS. Vs                      THE CALCUTTA MUNICIPAL CORPORATION & ORS.",13,,"ARINDAM MONDAL",,"J. BANERJEE & CO."
25,195,"WP 278/2015 ","FORUM PROJECTS PRIVATE LIMITED & ANOTHER Vs                      KOLKATA MUNICIPAL CORPORATION & OTHERS",13,,"ABHRATOSH MAJUMDER 9831952280","PRITHU DUDHURIA","S K SINGHI & CO."
26,1,"WP 213/2015 ","SRI PARTHA GHOSH Vs                      THE HON'BLE HIGH COURT AT CALCUTTA & ORS.",14,,"LAKSHMI KUMAR GUPTA","JR OF HIS CHOICE","SHAMIK CHATTERJEE"
27,5,"GA 4070/2014 
WP 283/2014
","AMBICA CAPITAL VENTURES LTD  & ANR. Vs                      REGISTRAR OF ASSURANCE KOLKATA & ANR.",18,"PARITOSH SINHA","KISHORE DUTTA  9830282362","AYAN BANERJEE ","PARITOSH SINHA"
28,186,"AP 1717/2014 ","MAGMA FINCORP LIMITED Vs                      HOSSAIN AHAMED CHOWDHURY & ANR.",23,,"AYAN BANERJEE ",,"SINHA & CO."
29,390,"AP 61/2015 ","MAGMA FINCORP LIMITED Vs                      DEEPAK & ANR.",23,,"ARINDAM MONDAL",,"SINHA & COMPANY"
30,393,"AP 64/2015 ","MAGMA FINCORP LIMITED Vs                      BCON INFRATECH & ANR.",23,,"ARINDAM MONDAL",,"SINHA & COMPANY"
31,971,"CA 73/2009 
BIFR 508/1992
","IN THE MATTER OF CYCLE CORPORATION OF INDIA (IN LIQN.) Vs                      NANDADULAL DEY (DEC) NOW ANUP DEY -VS- THE O/L",23,,"SAKYA SEN 9830110674","PRIYANKA S. TIBREWAL ","JAGBANDHU  MONDAL"
32,976,"CA 266/2012 
CP 120/1965
","IN THE MATTER OF: BANGASWARI COTTON MILLS LTD.(IN LIQN)-AND- Vs                      RAM DAYAL YADAV & 13 ORS.",23,,"SAKYA SEN 9830110674","PRIYANKA S. TIBREWAL ","B.L.  KSHATRI"
33,997,"CA 354/2013 
BIFR 508/1992
","BAIDYA NATH TWEARI & ANR. Vs                      CYCLE CORPORATION OF INDIA LTD.(IN LIQN)",23,,"SAKYA SEN 9830110674","DHIRAJ TRIBEDI","MR. SANJOY GHOSH"
34,998,"CA 355/2013 
BIFR 508/1992
","RE : DHIRENDRA NATH TEWARI & ORS. Vs                      CYCLE CORPORATION OF INDIA LTD.(IN LIQN)",23,,"SAKYA SEN 9830110674","DHIRAJ TRIBEDI","MR. SANJOY GHOSH"
35,999,"CA 356/2013 
BIFR 508/1992
","RE : ARABINDA TEWARI & ANR. Vs                      CYCLE CORPORATION OF INDIA LTD.(IN LIQN)",23,,"SAKYA SEN 9830110674","DHIRAJ TRIBEDI","MR. SANJOY GHOSH"
36,1001,"CA 357/2013 
BIFR 508/1992
","SRI DHANANJAY TEWARI Vs                      CYCLE CORPORATION OF INDIA LTD (IN LIQN)",23,,"SAKYA SEN 9830110674","DHIRAJ TRIBEDI","SANJAY GHOSH"
37,1008,"CA 432/2013 
CP 621/1987
","IN THE MATTER OF :NEW TOBACCO CO. LTD. (IN LIQN.) -AND- Vs                      IN THE MATTER OF : KUBER PRODUCTS PVT LTD",23,,"ADDL AOR","KUMAR GUPTA","A . K .  CHATTERJEE AND CO."
38,1073,"CP 30/2014 ","IN THE MATTER OF : SHRUTI WOOD & WOODS PVT LTD-AND- Vs                      IN THE MATTER OF : STANDARD CHARTERED BANK",23,,"SAKYA SEN 9830110674","JR OF HIS CHOICE","SUVODEEP  CHAKRABORTY"
39,1203,"CA 440/2014 
CP 404/2012

CA 7/2014
","RE: RUBI STAR MARKETING PVT.LTD -AND- Vs                      RE:PRADIP KUMAR KAR & ANR-VS-O.L., HIGH CT.,CAL",23,,"DEBJIT MUKHERJEE
9831017428",,"BIDYUT KUMAR BANERJEE"
40,1229,"CA 495/2014 
CP 233/2008
","IN THE MATTER OF M/S. DUNLOP INDIA LIMITED -AND- Vs                      DUNLOP INDIA LTD",23,,"ASHOKE BANERJEE",,"L.P.AGARWALLA & CO"
41,1230,"CA 496/2014 
CP 233/2008
","IN THE MATTER OF M/S. DUNLOP INDIA LIMITED -AND- Vs                      DUNLOP INDIA LTD",23,,"ASHOKE BANERJEE",,"L.P.AGARWALLA & CO"
42,1328,"CA 737/2014 
CP 233/2008

CA 495/2014
","IN THE MATTER OF M/S. DUNLOP INDIA LIMITED -AND- Vs                      M/S. E. V. MATHAI & SONS",23,,"ASHOKE BANERJEE",,"PROTIK GHOSH"
43,1329,"CA 738/2014 
CP 233/2008

CA 496/2014
","IN THE MATTER OF M/S. DUNLOP INDIA LIMITED -AND- Vs                      M/S. E. V. MATHAI & SONS",23,,"ASHOKE BANERJEE",,"PRATIK GHOSH"
44,1436,"CA 305/2008 
CP 525/2005
","IN THE MATTER OF REHABILITATION INDUST. CORPN. LTD. (IN LIQN Vs                      -AND- ESTATE MANUFACTURES ASSOCN. -VS- THE O/L",23,,"REETOBRATA MITRA","ANIRUDDHA MITRA 9831205865","ASHIM  KUMAR CHATTERJEE"
45,1437,"CA 497/2008 
CP 525/2005
","IN THE MATTER OF REHABILITATION INDUST. CORPN. LTD. (IN LIQN Vs                      -AND- R.I.C. TENANTS (LEASE) ASSOCN. -VS- THE O/L",23,,"REETOBRATA MITRA","ANIRUDDHA MITRA 9831205865","VICTOR  MOSES & CO."
46,1438,"CA 185/2009 
CP 525/2005
","IN THE MATTER OF ASANSOL DURGAPUR DEVELOPMENT AUTHORITY Vs                      REHABILITATION INDUSTRIES CORPORATION LTD. REP. THE O/L",23,,"REETOBRATA MITRA","ANIRUDDHA MITRA 9831205865","SUSANTA KUMAR  BOSE"
47,1444,"CA 143/2013 
BIFR 508/1992
","CYCLE CORPORATION OF INDIA LTD.(IN LIQN)-AND- Vs                      BASUDEB MISHRA & ORS -VS-THE OFFICIAL LIQUIDATOR",23,,"SAKYA SEN 9830110674","PRIYANKA S. TIBREWAL ","AVIRUP CHATTERJEE"
48,1445,"CA 154/2013 
BIFR 508/1992
","CYCLE CORPORATION OF INDIA LTD.(IN LIQN) -AND- L. N. MISHRA Vs                      THE OFFICIAL LIQUIDATOR -VS- W.B.S.I. DEV. CORPN. LTD. & ANR",23,"PARITOSH SINHA","SAKYA SEN 9830110674",,"SWARVANU  SAHA"
49,1446,"CA 168/2013 
BIFR 508/1992
","CYCLE CORPORATION OF INDIA LTD.(IN LIQN) -AND- Vs                      UMA SANKAR TEWARI -VS- THE O/L, HIGH COURT, CALCUTTA",23,"PARITOSH SINHA","SAKYA SEN 9830110674",,"K. K. CHAKRABORTY"
50,1447,"CA 170/2013 
BIFR 508/1992
","CYCLE CORPORATION OF INDIA LTD.(IN LIQN) Vs                      THE OFFICIAL LIQUIDATOR -VS- W.B.S.I. DEV. CORPN. LTD. & ANR",23,,"SAKYA SEN 9830110674","DHIRAJ TRIBEDI","K. K. CHAKRABORTY"
51,1448,"CA 171/2013 
BIFR 508/1992
","CYCLE CORPORATION OF INDIA LTD.(IN LIQN) -AND- Vs                      SAROJ MUKAR MISHRA & ORS. -VS- THE O/L, HIGH COURT, CALCUTTA",23,,"SAKYA SEN 9830110674","DHIRAJ TRIBEDI","K. K. CHAKRABORTY"
52,1474,"CA 479/2014 
CP 233/2008
","IN THE MATTER OF M/S. DUNLOP INDIA LIMITED -AND- Vs                      M/S. E. V. MATHAI & SONS",23,,"ASHOKE BANERJEE",,"AMARNATH GHOSE"
53,1581,"AP 781/2014 ","M/S HINDUJA LEYLAND FINACED LTD Vs                      RAMPUKAR SHARMA & ANR.",23,,"MUNMUN TEWARi
9831069124",,"SKR & ASSOCIATES"
54,1709,"AP 299/2008 
AP 271/2008
","RUNGTA PROJECT LIMITED Vs                      COAL INDIA LTD. & ANR.",23,,,"JR OF HIS CHOICE","NEMAI CHANDRA SAHA"
55,1795,"AP 298/2010 ","V. LAWRENCE & ANR. Vs                      SREI EQUIPMENT FINANCE PRIVATE LIMITED",23,,"MAINAK BOSE 9830467707"," ","ARINDAM MAITRA"
56,1932,"AP 206/2013 ","WEST BENGAL TOURISM DEVELOPMENT CORPORATION LIMITED Vs                      SUPRATIK BANERJEE & ANR.",23,"PARITOSH SINHA","ABHRATOSH MAJUMDER 9831952280",,"DIPAYAN CHOUDHURY"
57,1,"CS 244/2007 ","PROVAT KUMAR MITRA Vs                      THE REGISTRAR OF ASSURANCES, CALCUTTA & ORS.",31,"PARITOSH SINHA","ANIRUDDHA MITRA",,"KHAITAN  CO."
58,7,"WP 386/2015 ","STATE BANK OF INDIA & ANR. Vs                      OFFICER IN CHARGE, SHAKESPEARE SARANI P.S. & ORS.",31,,"MANOJ MALHOTRA
9831112456",,"MEKHLA  KANZI"
59,25,"WP 377/2015 ","ARCHANA KOLEY Vs                      UNION OF INDIA & ORS.",31,,"TAPATI SAMANTA(GHOSH)
9830911598",,"SURYA MAITY"
60,32,"WP 399/2015 ","POLAR INDUSTRIES LTD. Vs                      TAX RECOVERY OFFICER, KOLKATA & 24 PARGANAS & ORS.",31,,"PRANAB DUTTA","PRITHU DUDHURIA","PIYAL GUPTA"
61,33,"WP 400/2015 ","POLAR INDUSTRIES LTD. Vs                      TAX RECOVERY OFFICER, KOLKATA & 24 PARGANAS & ORS.",31,"PARITOSH SINHA","PRITHU DUDHURIA",,"PIYAL GUPTA"
62,34,"WP 402/2015 ","POLAR INDUSTRIES LTD. Vs                      TAX RECOVERY OFFICER, KOLKATA & 24 PARGANAS & ORS.",31,,"PRANAB DUTTA","PRITHU DUDHURIA","PIYAL GUPTA"
63,35,"WP 403/2015 ","POLAR INDUSTRIES LTD. Vs                      TAX RECOVERY OFFICER, KOLKATA & 24 PARGANAS & ORS.",31,"PARITOSH SINHA","PRITHU DUDHURIA",,"PIYAL GUPTA"
64,40,"WP 416/2015 
WP 388/2015
","SHRI PRANAB CHAKRABORTY Vs                      STATE BANK OF INDIA & ORS.",31,,"SIPRA MAJUMDER 9831895255","JR OF HIS CHOICE","SAUBHIV CHOWDHURY"
65,45,"WP 437/2015 ","SHEIKH ALTAF HOSSAIN & ANR. Vs                      THE COMMISSIONER OF POLICE & ORS.",31,,"SIPRA MAJUMDER 9831895255","JR OF HIS CHOICE","AVIJIT GHOSAL"
66,46,"WP 439/2015 ","PRADEEP KUMAR NEOGI & ANR. Vs                      THE OFFICIAL TRUSTEE OF WEST BENGAL & ANR.",31,,"KISHORE DUTTA  9830282362","AYAN BANERJEE ","MITALI BHATTACHARYA"
67,52,"WP 449/2015 ","M/S SRI KRISHNA TRADING CO. Vs                      THE DISTRICT ENGINEER, CESC LTD & OTHERS",31,,"SIPRA MAJUMDER 9831895255","JR OF HIS CHOICE","TARUNJYOTI TEWARI"
68,59,"WP 462/2015 ","PRADIP CHANDRA KUMAR Vs                      CALCUTTA TRAMWAYS CO. (1978) LTD & ORS",31,,"BHASKAR PRASAD VAISYA
9830231723","JR OF HIS CHOICE","KRISHNAPADA PAL"
69,62,"WP 465/2015 ","POLAR INDUSTRIES LTD Vs                      TAX RECOVERY OFFICER , KOLKATA & 24PGS & ORS",31,,"PRANAB DUTTA","PRITHU DUDHURIA","PIYAL GUPTA"
70,129,"WP 1193/2013 ","MISHRA AND MISHRA (AGENCIES) ENTERPRISES AND ANR Vs                      UNION OF INDIA AND ANR",31,"PARITOSH SINHA","ABHRATOSH MAJUMDER 9831952280",,"A . K . CHOWDHARY  AND CO."
71,149,"WP 24/2012 ","SMT. PURABI MUKHERJEE (GHOSH) Vs                      THE KOLKATA IMPROVEMENT TRUST & ORS.",31,"PARITOSH SINHA","BILLWADAL BHATTACHARYYA ",,"NAYAN RAKSHIT"
72,154,"WP 684/2012 ","PARESH NATH MUKHERJEE Vs                      THE WEST BENGAL STATE WAREHOUSING CORPORATION & ORS",31,,"CHAITALI BHATTACHARJEE  ","SIRSANYA BANDYOPADHYAY","ARKAPRAVA  SEN"
73,187,"WP 747/2014 ","ANANT KUMAR SHAW & ANR. Vs                      SHRI RANJIT MALLICK & ORS.",31,,"PRANAB DUTTA","JR OF HIS CHOICE","ANINDYA LAHIRI"
74,205,"WP 947/2014 ","SARLABEN KAPANI @ SARALA KAPANI Vs                      CESC LTD. & ORS.",31,,"CHITTA RANJAN GHOSH 9433788061",,"MANOJ MALHOTRA"
75,216,"WP 1066/2014 ","MOHAN GENERAL TRADING CO & ORS. Vs                      UNITED BANK OF INDIA",31,"PARITOSH SINHA","SABYASACHI ROY CHOWDHURY 9874131308","ARINDAM MONDAL","VICTOR MOSES & CO"
76,228,"WP 1174/2014 ","ANURAG PROPERTIES PVT. LTD. & ANR. Vs                      SENIOR SUPERINTENDENT OF POST OFFICE, CENTRAL KOL DIVI & ANR",31,,"SAKYA SEN 9830110674","JR OF HIS CHOICE","DIPANKAR DAS"
77,232,"WP 6/2015 ","SRI JAWAHAR SINGH Vs                      THE UNITED BANK OF INDIA & ORS.",31,"PARITOSH SINHA","ARINDAM MONDAL",,"SUVADIP BHATTACHARJEE"
78,265,"WP 93/2015 ","M/S. T. M. EXPORTS PRIVATE LIMITED & ANR. Vs                      STATE BANK OF INDIA & ORS.",31,"PARITOSH SINHA","ARINDAM MONDAL",,"SHAKEEL MOHAMMED  AKHTER"
79,269,"WP 102/2015 ","SRI SUMIT SAHA & ANR. Vs                      WEST BENGAL STAFF SELECTION COMMISSION & ORS.",31,,"CHAITALI BHATTACHARJEE","SIRSANNYA BANDHOPADHAY","MS RESHMI GHOSH"
80,283,"WP 148/2015 ","PRIYA LTD. Vs                      COMMERCIAL TAX OFFICER, PARK STREET CHARGE & ORS.",31,,"PRANAB DUTTA","PRITHU DUDHURIA","PIYAL GUPTA"
81,293,"WP 209/2015 ","SUDHANGSHU DEY Vs                      CALCUTTA ELECTRICITY SUPPLY CORPORATION LIMITED & ORS.",31,,"CHITTA RANJAN GHOSH 9433788061",,"JAYANTA SAMANTA"
82,297,"WP 251/2015 ","SUMIT GHOSAL Vs                      PUBLIC SERVICE COMMISSION, WEST BENGAL & ORS.",31,,"SADANANDA GANGULY 9874714111","JR OF HIS CHOICE","B. N. RAY"
83,339,"CS 94/2013 ","DEEPAK KUMAR PRAHLADKA Vs                      ANANYA CHATTERJEE CHAKRABORTI & ORS.              A.K. CHATTERJEE & CO.",31,"PARITOSH SINHA","SAKYA SEN 9830110674",,"DEEPAK KUMAR  PRAHLADKA (PLAINTIFF -IN -PERSON)"
