"SL NO.","ITEM NO.",DATE,"CASE NO","CAUSE TITLE",COURT,LAWYER
1,1,05/05/2015,"APO 172/2015 
GA 1325/2015 
WP 365/2015
","S B CONSTRUCTION & ORS. Vs         STATE OF WEST BENGAL & ORS.",1,"AYAN BANERJEE"
2,341M,05/05/2015,"APO 311/2013 
AP 346/2005
","AFCONS PAULING (INDIA) LTD Vs                      STATE OF WEST BENGAL",4,"BIJON MAJUMDAR"
3,148,05/05/2015,"EC 97/2012 ","M/S SAHA CONSTRUCTION Vs                      STATE OF WEST BENGAL",5,S.K.BASU
4,286M,05/05/2015,"EC 313/2014 ","PAM DEVELOPMENT PVT. LTD. Vs                      THE STATE OF WEST BENGAL & ORS.",5,"AMRITAM MANDAL"
5,319M,05/05/2015,"EC 623/2014 ","M/S. G. BISWAS & CO. Vs                      STATE OF WEST BENGAL & ANR,",5,"DEBANJAN MUKHERJEE"
6,410M,05/05/2015,"GA 3940/2014 
EC 50/2005
","ASSOCIATED CONTRACTORS Vs                      STATE OF W.B.                                     PARITOSH SINAH",5,"SARAJIT MITRA"
7,415M,05/05/2015,"EC 345/2015 ","CIVCON CONSTRUCTION PRIVATE LIMITED Vs                      STATE OF WEST BENGAL, THROUGH ADDITIONAL CHIEF SECRETARY, MI",5,"MUKHERJEE & BISWAS"
8,516M,05/05/2015,"EC 375/2015 ","ASOK KUMAR SAHA Vs                      STATE OF WEST BENGAL & ORS.",5,"ANJAN DEB SARKAR"
9,589M,05/05/2015,"GA 812/2015 
EC 137/2013
","STP LIMITED Vs                      STATE OF WEST BENGAL & ORS.",5,"SAROJ TULSIAN"
10,591M,05/05/2015,"GA 850/2015 
EC 570/2013
","SUBIMAL SOM Vs                      STATE OF WEST BENGAL                              LEARNED A. O. R.",5,"RAMESH CHANDRA PAUL"
11,692M,05/05/2015,"GA 1513/2013 
EC 137/2013
","STP LIMITED Vs                      STATE OF WEST BENGAL & ORS.",5,"MR. PARITOSH SINHA"
12,745M,05/05/2015,"EC 741/2014 ","TARUN KANTI CHOUDHURY -AND- Vs                      STATE OF WEST BENGAL",5,"SUSHIL KUMAR BASU"
13,5,05/05/2015,"WP 506/2015 ","PINAKI ROY & ORS. Vs                      STATE OF WEST BENGAL & ORS.",13,"FOX & MANDAL"
14,8,05/05/2015,"WP 514/2015 ","PRASANTA BASAK Vs                      STATE OF WEST BENGAL & ORS,",13,"MANOJ KUMAR MONDAL"
15,27,05/05/2015,"WP 913/2011 ","DIPAK MAITY Vs                      THE  STATE OF WEST BENGAL & ORS.",13,"SK.SAMIM AKHTER"
16,73M,05/05/2015,"WP 83/2015 ","KULWANT KAUR @ KULWANT KAUR DHILON Vs                      THE STATE OF WEST BENGAL & ORS.",13,"RIMA DAS"
17,74M,05/05/2015,"WP 218/2015 ","SOUMEN DAS Vs                      STATE OF WEST BENGAL & ORS.",13,"MANOJ KUMAR MONDAL"
18,75M,05/05/2015,"WP 237/2015 ","SARMISTHA GHORAI Vs                      STATE OF WEST BENGAL & ORS.",13,"RIMA DAS"
19,76M,05/05/2015,"WP 258/2015 ","ASHOK KUMAR BARAI Vs                      STATE OF WEST BENGAL & ORS,",13,"MANOJ KUMAR MONDAL"
20,77M,05/05/2015,"WP 277/2015 ","SUNIL KUMAR MODAK Vs                      THE STATE OF WEST BENGAL & ORS.",13,"MISS DEBJANI GHOSAL"
21,78M,05/05/2015,"WP 484/2015 ","NITAI KUMAR BARIK Vs                      STATE OF WEST BENGAL & ORS",13,"SAKTI PADA JANA"
22,79M,05/05/2015,"WP 485/2015 ","NITAI KUMAR BARIK Vs                      STATE OF WEST BENGAL & ORS",13,"SAKTI PADA JANA"
23,81M,05/05/2015,"GA 1151/2015 
WP 277/2015
","SUNIL KUMAR MODAK Vs                      THE STATE OF WEST BENGAL & ORS.",13,"DEBJANI GHOSAL"
24,91M,05/05/2015,"WP 1561/2003 ","ASHOK KUMAR GUPTA Vs                      STATE OF WEST BENGAL",13,"RAMESH DHARA"
25,93M,05/05/2015,"WP 1940/2003 ","ARUNDHATI CHANDA Vs                      STATE OF WEST BENGAL",13,"RAMESH DHARA"
26,94M,05/05/2015,"WP 1941/2003 ","ARUNDHATI CHANDAA Vs                      STATE OF WEST BENGAL",13,"RAMESH DHARA"
27,96M,05/05/2015,"WP 892/2004 ","ATANU BANERJEE Vs                      STATE OF WEST BENGAL",13,"RAMESH DHARA"
28,97M,05/05/2015,"WP 905/2004 ","RAMA GUPTA Vs                      STATE OF W.B.",13,R.DHARA
29,108M,05/05/2015,"WP 6/2008 ","SHANTI KUMAR PAUL Vs                      STATE OF WEST BENGAL & ORS.",13,"A. V. ASSOCIATES"
30,110M,05/05/2015,"WP 738/2009 ","KISHORI SHAW & ORS. Vs                      THE STATE OF WEST BENGAL & ORS.",13,"A. V. ASSOCIATES"
31,111M,05/05/2015,"WP 754/2009 ","RABINDRA NATH SINGHA Vs                      STATE OF WEST BENGAL & ORS.",13,"RATAN KUAMR  MUKHOPADHYAY"
32,118M,05/05/2015,"WP 673/2010 ","ABANI MAHATO Vs                      THE STATE OF WEST BENGAL & ORS.",13,"BANEZIR AHMED"
33,120M,05/05/2015,"WP 968/2010 ","SANJIT JANA Vs                      THE STATE OF WEST BENGAL & ORS.",13,"RAM UDAY BHATTACHARYA"
34,121M,05/05/2015,"WP 1136/2010 ","M/S BHAGWANDAS RAMNATH Vs                      THE STATE OF WEST BENGAL & ORS.",13,"BHASKAR NANDI"
35,122M,05/05/2015,"WP 1142/2010 ","RAJESH KUMAR DIWAN Vs                      STATE OF WEST BENGAL & ORS.",13,"RATAN KUMAR  MUKHOPADHYAY"
36,123M,05/05/2015,"WP 1248/2010 ","MANIK DAS Vs                      THE STATE OF WEST BENGAL AND OTHERS",13,"ISHITA CHAKRABORTY"
37,124M,05/05/2015,"WP 1264/2010 ","ASHOKE KUMAR MONDAL Vs                      THE STATE OF WEST BENGAL & ORS.",13,"SAKTI PADA JANA"
38,126M,05/05/2015,"WP 1388/2010 ","ASHOK SHAW & ANR. Vs                      STATE OF WEST BENGAL & ORS.",13,"UPENDRA ROY"
39,127M,05/05/2015,"WP 1411/2010 ","BIRENDRA PRASAD SAHU Vs                      STATE OF WEST BENGAL & ORS.",13,"BISWAPRIYA SAMANTA"
40,128M,05/05/2015,"WP 1414/2010 ","SRI CHANDI DAS MAITRA Vs                      THE STATE OF WEST BENGAL & ORS.",13,"MR. BHASKAR NANDI"
41,129M,05/05/2015,"WP 1472/2010 ","ANANTA KUMAR DEY Vs                      STATE OF WEST BENGAL & ORS",13,"ANANYA BERA"
42,130M,05/05/2015,"WP 1473/2010 ","GOURANGA GUHA Vs                      STATE OF WEST BENGAL & ORS",13,"ANANYA BERA"
43,131M,05/05/2015,"WP 1474/2010 ","SIDHARTHA CHAKRABORTY Vs                      STATE OF WEST BENGAL & ORS",13,"ANANYA BERA"
44,133M,05/05/2015,"WP 1556/2010 ","RANJAN KUMAR NANDA Vs                      STATE OF WEST BENGAL & ORS.",13,"MISS ANANYA BERA"
45,134M,05/05/2015,"WP 10/2011 ","ASHOK ROY CHOWDHURY Vs                      STATE OF WEST BENGAL & ORS.",13,"UPENDRA ROY"
46,136M,05/05/2015,"WP 54/2011 ","AMAL MAJUMDER Vs                      THE STATE OF WEST BENGAL & ORS.",13,"A. V. ASSOCIATES"
47,137M,05/05/2015,"WP 137/2011 ","WEST BENGAL KEROSENE DEALERS' ASSOCIATION & ANR. Vs                      THE STATE OF WEST BENGAL & ORS.",13,"A. V. ASSOCIATES"
48,139M,05/05/2015,"WP 216/2011 ","HARENDRA NATH ROY Vs                      THE STATE OF WEST BENGAL & ORS.",13,"A. V. ASSOCIATES"
49,140M,05/05/2015,"WP 217/2011 ","KANTA NARAYAN ROY Vs                      THE STATE OF WEST BENGAL & ORS.",13,"A. V. ASSOCIATES"
50,141M,05/05/2015,"WP 218/2011 ","ARIJIT KUMAR ROY Vs                      THE STATE OF WEST BENGAL & ORS.",13,"A. V. ASSOCIATES"
51,142M,05/05/2015,"WP 257/2011 ","PRABIR MAJUMDER Vs                      THE STATE OF WEST BENGAL & ORS.",13,"ISHITA CHAKRABORTY"
52,143M,05/05/2015,"WP 260/2011 ","SRI MANIK DAS Vs                      THE STATE OF WEST BENGAL & ORS.",13,"ISHITA CHAKRABORTY"
53,147M,05/05/2015,"WP 558/2011 ","PRABAL PAL Vs                      THE STATE OF WEST BENGAL & ORS.",13,"SK.SAMIM AKHTER"
54,150M,05/05/2015,"WP 992/2011 ","SOVAN MAITY Vs                      STATE OF WEST BENGAL & ORS.",13,"SK.SAMIM AKHTAR"
55,151M,05/05/2015,"WP 31/2012 ","MUKTIPADA SETH  & ORS. Vs                      STATE OF WEST BENGAL & ORS.",13,"MS. A.V.ASSOCIATES"
56,152M,05/05/2015,"WP 51/2012 ","NAZIA BEGAM Vs                      STATE OF WEST BENGAL & ORS.",13,A.V.ASSOCIATES
57,155M,05/05/2015,"WP 151/2012 ","ASIT BARAN LAHA & ANR. Vs                      THE STATE OF WEST BENGAL & ORS.",13,"M/S A.V. ASSOCIATES"
58,157M,05/05/2015,"WP 406/2012 ","TIRUPATI AGROSEED DISTRIBUTOR PVT.LTD. Vs                      STATE OF WEST BENGAL & ORS.",13,"RAJAT DUTTA"
59,158M,05/05/2015,"WP 611/2012 ","SURESH KUMAR KANOI Vs                      THE STATE OF WEST BENGAL & ORS",13,"MR. DEBASHIS SAHA"
60,163M,05/05/2015,"WP 168/2013 ","MILLENIUM SKY SCRAPPERS PVT LTD AND ANR Vs                      STATE OF WEST BENGAL AND ORS",13,"TAPATI CHATTERJEE"
61,164M,05/05/2015,"WP 169/2013 ","SITARAM AGARWALLA Vs                      STATE OF WEST BENGAL AND ORS",13,"M/S. A . V.  ASSOCIATES"
62,165M,05/05/2015,"WP 241/2013 ","PRABODH CHAR Vs                      THE STATE OF WEST BENGAL & ORS.",13,"SOUMEN BHATTACHARJEE"
63,168M,05/05/2015,"WP 372/2013 ","KIRAN PANDIT Vs                      STATE OF WEST BENGAL AND ORS",13,"GITASHREE MISTRY"
64,169M,05/05/2015,"WP 406/2013 ","CHINTAMONI BEHERA Vs                      STATE OF WEST BENGAL AND ORS",13,"S.N. MUKHERJEE"
65,170M,05/05/2015,"WP 467/2013 ","SUBRATA SHEE Vs                      STATE OF WEST BENGAL & ORS.",13,"GITASHREE MISTRY"
66,177M,05/05/2015,"WP 199/2014 ","RAMANI RANJAN DHAR MAHAPATRA Vs                      STATE OF WEST BENGAL AND ORS",13,"SOUMI PAL"
67,178M,05/05/2015,"WP 248/2014 ","APPAL NAIDU Vs                      STATE OF WEST BENGAL AND ORS",13,"S . N . MUKHERJEE"
68,179M,05/05/2015,"WP 267/2014 ","ASHOK KUMAR SHARMA & ORS. Vs                      STATE OF WEST BENGAL & ORS.",13,A.V.ASSOCIATES
69,180M,05/05/2015,"WP 268/2014 ","M/S GOUTAM KUMAR NANDI & ORS. Vs                      STATE OF WEST BENGAL & ORS.",13,A.V.ASSOCIATES
70,183M,05/05/2015,"WP 564/2014 ","SWAPAN CHATTERJEE Vs                      STATE OF WEST BENGAL & ORS.",13,"S.N. MUKHERJEE"
71,184M,05/05/2015,"WP 565/2014 ","SK. LADLA Vs                      STATE OF WEST BENGAL & ORS.",13,"S.N. MUKHERJEE"
72,185M,05/05/2015,"WP 566/2014 ","SUNANDA DAS Vs                      STATE OF WEST BENGAL & ORS.",13,"S.N. MUKHERJEE"
73,186M,05/05/2015,"WP 567/2014 ","DEBESH DEY SARKAR Vs                      STATE OF WEST BENGAL & ORS.",13,"S..N. MUKHERJEE"
74,187M,05/05/2015,"WP 568/2014 ","AVIJIT DAS Vs                      STATE OF WEST BENGAL & ORS.",13,"S.N. MUKHERJEE"
75,196M,05/05/2015,"GA 558/2015 
WP 961/2013
","RAMESH KUMAR NEMANI Vs                      STATE OF WEST BENGAL AND ORS",13,"PARITOSH SINHA"
76,3,05/05/2015,"WP 351/2015 ","OSMAN AL ZOBAIDI Vs                      STATE OF WEST BENGAL & ORS,",31,"SADHANA RAO"
77,12,05/05/2015,"WP 829/2013 ","DERBY SALES PVT. LTD. & ANR. Vs                      STATE OF WEST BENGAL & ORS.",31,"DWIP RAJ BASU"
78,16M,05/05/2015,"WP 263/2015 ","SADHAN NANDY Vs                      STATE OF WEST BENGAL & ORS.",31,"KUSHAL PAUL"
79,17M,05/05/2015,"WP 281/2015 ","AMARENDRA NATH ROYCHOWDHURY Vs                      STATE OF WEST BENGAL & ORS,.",31,"DEBDUTTA BASU"
80,23,05/05/2015,"WP 118/2015 ","PARWEZ KHAN Vs                      STATE OF WEST BENGAL & ORS.",31,"DEBDUTTA BASU"
81,24M,05/05/2015,"WP 364/2015 ","BANWARI LAL TAK Vs                      STATE OF W.B. , SECT. DEPT. OF FINANCE, GOVT. OF W.B. & ORS",31,"SUTANU KARMAKAR"
82,38M,05/05/2015,"WP 413/2015 ","NILESH KUMAR SINGH Vs                      THE STATE OF WEST BENGAL & ORS.",31,"PIYAL GUPTA"
83,39M,05/05/2015,"WP 414/2015 ","MANOJ GOYAL Vs                      THE STATE OF WEST BENGAL & ORS.",31,"PIYAL GUPTA"
84,44M,05/05/2015,"WP 436/2015 ","MAHUA SHEE Vs                      STATE OF WEST BENGAL & ORS,.",31,"S.N. GHOSH"
85,47M,05/05/2015,"WP 440/2015 ","DEBDASI DAS & ANR. Vs                      STATE OF WEST BENGAL & ORS.",31,"DIPAK RANJAN  MUKHERJEE"
86,49M,05/05/2015,"WP 442/2015 ","INDRAJIT SEN Vs                      STATE OF WEST BENGAL & ORS",31,"INDRAJIT SEN (IN  PERSON)"
87,55M,05/05/2015,"WP 456/2015 ","SUBHAS CHAKRABORTY & ORS Vs                      STATE OF WEST BENGAL & ORS",31,"DEBDUTTA BASU"
88,68M,05/05/2015,"WP 478/2015 ","MOHAN MOTOR SERVICES PVT. LTD. Vs                      STATE OF WEST BENGAL & ORS.",31,"SUDESHNA MAZUMDER"
89,69M,05/05/2015,"WP 479/2015 ","NETAI CHANDRA GHOSH Vs                      THE STATE OF WEST BENGAL & OTHERS.",31,"MR BIJAN BIHARI ROY"
90,71M,05/05/2015,"WP 481/2015 ","EASTERN INDUSTRIES & MARKETING CO. Vs                      STATE OF WEST BENGAL & ORS",31,"SUDESHNA MAZUMDER"
91,76M,05/05/2015,"WP 490/2015 ","PARIVARTAN MERCANTILES PVT. LTD. Vs                      STATE OF WEST BENGAL & ORS,                       PIYAL GUPTA",31,
92,77M,05/05/2015,"WP 492/2015 ","EMICHEM PVT. LTD. & ANR. Vs                      STATE OF WEST BENGAL & ANR.",31,"RITA MUKHERJEE"
93,78M,05/05/2015,"WP 493/2015 ","M/S. HITECH PLASTOCHEM UDYOG PRIVATE LIMITED Vs                      STATE OF WEST BENGAL & ORS.",31,"ABHIJIT BISWAS"
94,79M,05/05/2015,"WP 494/2015 ","M/S. INTERNATIONAL AUDIO AND MUSIC PRIVATE LIMITED Vs                      STATE OF WEST BENGAL & ORS.",31,"ABHIJIT BISWAS"
95,80M,05/05/2015,"WP 495/2015 ","M/S. MAAN POLYPACKS PRIVATE LIMITED Vs                      STATE OF WEST BENGAL & ORS.",31,"ABHIJIT BISWAS"
96,81M,05/05/2015,"WP 498/2015 ","ASHOKA BUILDCON LTD Vs                      STATE OF WEST BENGAL & ORS",31,"SUDESHNA MAZUMDER"
97,82M,05/05/2015,"WP 499/2015 ","VINAYAK SALES AGENCY Vs                      STATE OF WEST BENGAL & ORS",31,"SUDESHNA MAZUMDER"
98,88M,05/05/2015,"WP 512/2015 ","K.L. MECHANICAL WORKS PVT. LTD. Vs                      STATE OF WEST BENGAL & ORS.",31,"DEBANUJ BASU THAKUR"
99,92M,05/05/2015,"GA 1174/2015 
WP 346/2014
","SUVRA KUMAR DEY Vs                      STATE OF WEST BENGAL AND ORS",31,"SANCHAYITA DE"
100,93M,05/05/2015,"GA 1191/2015 
WP 1106/2012
","PRAMOD SHROHH Vs                      THE STATE OF WEST BENGAL & ORS.",31,"ARUP KUMAR ACHARYA"
101,134M,05/05/2015,"WP 1979/2005 ","VODAFONE EAST LTD & ANR Vs                      STATE OF W.B.",31,"KHAITAN  CO."
102,144M,05/05/2015,"WP 591/2011 ","KARTICK CHANDRA SAHA & ORS. Vs                      THE STATE OF WEST  BENGAL & ORS.",31,S.S.BHUTORIA
103,150M,05/05/2015,"WP 140/2012 ","PEI MAY CHINESE HIGH SCHOOL REP. BY ITS SECRETARY CHEN KHOI Vs                      THE STATE OF WEST BENGAL & ORS.",31,"SUNIL  KUMAR CHAKRABORTY"
104,162M,05/05/2015,"WP 621/2013 ","SUVRA KUMAR DEY Vs                      STATE OF WEST BENGAL AND ORS",31,"KABERI SENGUPTA (MRS.  MAITI)"
105,171M,05/05/2015,"WP 124/2014 ","M/S WINDOW GLASS LTD Vs                      THE STATE OF WEST BENGAL & ORS.",31,"DEBANUJ BASU THAKUR"
106,172M,05/05/2015,"WP 233/2014 ","SMT. SILA ROY Vs                      STATE OF WEST BENGAL & ORS.",31,"SMT. MIRU HAJRA"
107,173M,05/05/2015,"WP 346/2014 ","SUVRA KUMAR DEY Vs                      STATE OF WEST BENGAL AND ORS",31,"SANCHAYITA DE"
108,182M,05/05/2015,"WP 704/2014 ","UPENDRA KUMAR Vs                      STATE OF WEST BENGAL & ORS.",31,"SUSANTA PAL"
109,185M,05/05/2015,"WP 741/2014 ","AMAR NATH TIWARI Vs                      THE STATE OF WEST BENGAL & ORS.",31,"SUMAN CHATTOPADHYAY"
110,191M,05/05/2015,"WP 832/2014 ","ATANU KUMAR CHOWDHURY & ORS. Vs                      THE STATE OF WEST BENGAL & ORS.",31,"DEBJANI GHOSHAL"
111,206M,05/05/2015,"WP 956/2014 ","RASHMI METALIKS LTD & ANR Vs                      THE STATE OF WEST BENGAL & ORS.",31,"MR PRAABHAT KR.  SRIVASTAWA"
112,207M,05/05/2015,"WP 988/2014 ","ABHIJIT CHAKRABORTY Vs                      THE STATE OF WEST BENGAL & ORS.",31,"TANMOY MUKHERJEE"
113,208M,05/05/2015,"WP 1020/2014 ","M/S. SYNERGY ELECTRIC PVT.LTD. Vs                      STATE OF WEST BENGAL & ANR.",31,"SOMAK BASU"
114,209M,05/05/2015,"WP 1033/2014 ","M/S. STRATHSPEY LABS PVT LTD Vs                      STATE OF WEST BENGAL & ORS",31,"SOMAK BASU"
115,210M,05/05/2015,"WP 1040/2014 ","M/S. SUPERSMELT FERRO ALLOYS PVT. LTD. Vs                      STATE OF WEST BENGAL & ORS,.",31,"SOMAK BASU"
116,211M,05/05/2015,"WP 1041/2014 ","MANPASAND AGRO FOOD PVT. LTD. Vs                      STATE OF WEST BENGAL & ORS.",31,"SOMAK BASU"
117,212M,05/05/2015,"WP 1048/2014 ","GOUTAM KUMAR DAS Vs                      STATE OF WEST BENGAL & ORS,",31,"DEBDUTTA BASU"
118,218M,05/05/2015,"WP 1069/2014 ","RABIN MONDAL Vs                      STATE OF WEST BENGAL & ORS,",31,"SUSANTA PAL"
119,226M,05/05/2015,"WP 1140/2014 ","SAILEN BHUIYA Vs                      STATE OF WEST BENGAL & ORS",31,"SUSANTA PAL"
120,231M,05/05/2015,"GA 3041/2014 
WP 58/2002

GA 3042/2014
","S. VASUDEVA PILLAI & ORS. Vs                      STATE OF WEST BENGAL",31,"UTTAM KUMAR DE"
121,234M,05/05/2015,"WP 11/2015 ","CHHOTARIA EXIM PVT. LTD. Vs                      STATE OF WEST BENGAL & ORS.",31,"PIYAL GUPTA"
122,235M,05/05/2015,"WP 12/2015 ","NAVYUG ENTERPRISE Vs                      STATE OF WEST BENGAL & ORS.",31,"PIYAL GUPTA"
123,236M,05/05/2015,"WP 24/2015 ","MIRA GOEL Vs                      THE STATE OF WEST BENGAL & ORS.",31,"DEBANUJ BASU THAKUR"
124,237M,05/05/2015,"WP 25/2015 ","CHEM INDIA Vs                      THE STATE OF WEST BENGAL & ORS.",31,"DEBANUJ BASU THAKUR"
125,238M,05/05/2015,"WP 27/2015 ","M/S. SPICE RETAILS LTD. Vs                      THE STATE OF WEST BENGAL & ORS.",31,"DEBANUJ BASU THAKUR"
126,239M,05/05/2015,"WP 28/2015 ","STC INTERNATIONAL Vs                      THE STATE OF WEST BENGAL & ORS.",31,"DEBANUJ BASU THAKUR"
127,242M,05/05/2015,"WP 36/2015 ","RDB RASAYANS LTD. & ANR. Vs                      STATE OF WEST BENGAL & ANR.",31,"SHARMA KAJARIA AND  COMPANY"
128,244M,05/05/2015,"WP 39/2015 ","EMAMI REALTY LIMITED & ANR. Vs                       STATE OF W.B. THROUGH THE SEC. DEPARTMENT OF FINANCE & ORS",31,"KHAITAN  CO."
129,245M,05/05/2015,"WP 40/2015 ","BENGAL BIRI FACTORY Vs                      STATE OF WEST BENGAL & ORS.",31,"DEBANUJ BASU THAKUR"
130,246M,05/05/2015,"WP 41/2015 ","SUBRATA CHOWDHURY Vs                      STATE OF WEST BENGAL & ORS.",31,"DEBANUJ BASU THAKUR"
131,248M,05/05/2015,"WP 48/2015 ","RAJESH GOYAL Vs                      THE STATE OF WEST BENGAL & ORS.",31,"PIYAL GUPTA"
132,249M,05/05/2015,"WP 49/2015 ","DEV INTERNATIONAL Vs                      THE STATE OF WEST BENGAL & ORS.",31,"PIYAL GUPTA"
133,250M,05/05/2015,"WP 51/2015 ","SULTANIA MARBLES ENTERPRISES Vs                      STATE OF WEST BENGAL & ORS.",31,"PIYAL GUPTA"
134,251M,05/05/2015,"WP 52/2015 ","NABA KUMAR BASAK Vs                      STATE OF WEST BENGAL & ORS.",31,"PIYAL GUPTA"
135,252M,05/05/2015,"WP 56/2015 ","KALINGA ALLIED INDUSTRIES Vs                      STATE OF WEST BENGAL & ORS,.",31,"DEBANUJ BASU THAKUR"
136,254M,05/05/2015,"WP 67/2015 ","MANAS BOSE & ORS. Vs                      THE STATE OF WEST BENGAL & ORS.",31,"GOLAM MOHAMMAD"
137,256M,05/05/2015,"WP 74/2015 ","PISCES SHOES & ANR. Vs                      THE STATE OF WEST BENGAL & ANR.",31,"SWAPNA DAS"
138,257M,05/05/2015,"WP 75/2015 ","HUSEIN ALI VIRANI Vs                      THE STATE OF WEST BENGAL & ANR.",31,"SWAPNA DAS"
139,258M,05/05/2015,"WP 76/2015 ","AUTO HILINK PRIVATE LIMITED Vs                      THE STATE OF WEST BENGAL & ORS.",31,"PIYAL GUPTA"
140,259M,05/05/2015,"WP 79/2015 ","GENA PHARMACEUTICALS LIMITED Vs                      THE STATE OF WEST BENGAL & ORS.",31,"DEBANUJ BASU THAKUR"
141,260M,05/05/2015,"WP 82/2015 ","SUNIL KUMAR MANTRI Vs                      THE STATE OF WEST BENGAL & ORS.",31,"DEBANUJ BASU THAKUR"
142,261M,05/05/2015,"WP 87/2015 ","DINESH BHOJNAGESWALAL Vs                      THE STATE OF WEST BENGAL & ORS.",31,"PIYAL GUPTA"
143,262M,05/05/2015,"WP 88/2015 ","MANOJ SURANA Vs                      THE STATE OF WEST BENGAL & ORS.",31,"PIYAL GUPTA"
144,263M,05/05/2015,"WP 89/2015 ","PRAVEEN KUMAR SURANA Vs                      THE STATE OF WEST BENGAL & ORS.",31,"PIYAL GUPTA"
145,264M,05/05/2015,"WP 90/2015 ","RAJ LAXMI PANDEY Vs                      THE STATE OF WEST BENGAL & ORS.",31,"PIYAL GUPTA"
146,268M,05/05/2015,"WP 101/2015 ","DOHARIA ISPAT PVT. LTD. Vs                      STATE OF WEST BENGAL & ORS.",31,"A. K. CHOWDHARY & CO."
147,277M,05/05/2015,"WP 117/2015 ","UDAY BIR LAW @ UDAYBIR LAL & ANR. Vs                      STATE OF WEST BENGAL & ORS.",31,"SYED SHAMSUL AREFIN"
148,278M,05/05/2015,"WP 123/2015 ","ABHIJEET SINGH Vs                      THE STATE OF WEST BENGAL & ORS.",31,"DEBDUTTA BASU"
149,279M,05/05/2015,"WP 135/2015 ","ESKO DIE CASTING PVT. LTD Vs                      STATE OF WEST BENGAL & ORS.",31,"PIYAL GUPTA"
150,280M,05/05/2015,"WP 138/2015 ","SILVERTON METALS (P) LTD. Vs                      STATE OF WEST BENGAL & ORS,.",31,"DEBANUJ BASU THAKUR"
151,281M,05/05/2015,"WP 139/2015 ","GANESH CHANDRA SHAHA Vs                      STATE OF WEST BENGAL & ORS,",31,"DEBANUJ BASU THAKUR"
152,282M,05/05/2015,"WP 146/2015 ","GCL (INDIA) PVT. LTD. Vs                      STATE OF WEST BENGAL & ORS.",31,"PIYAL GUPTA"
153,284M,05/05/2015,"WP 149/2015 ","PAYAL DEALERS PVT. LTD. Vs                      STATE OF WEST BENGAL & ORS,.",31,"PIYAL GUPTA"
154,285M,05/05/2015,"WP 150/2015 ","P.B. HOLOTECH INDIA PVT. LTD. Vs                      STATE OF WEST BENGAL & ORS.",31,"PIYAL GUPTA"
155,287M,05/05/2015,"WP 161/2015 ","BANIBRATA BASU Vs                      STATE OF WEST BENGAL & ORS.",31,"SIDDHARTHA PRATIM  DUTTA"
156,289M,05/05/2015,"WP 175/2015 ","MANOJ KUMAR JHA Vs                      STATE OF WEST BENGAL & ORS,.",31,"DEBDUTTA BASU"
157,291M,05/05/2015,"WP 179/2015 ","CHINMOY KUMAR CHATTERJEE Vs                      THE STATE OF WEST BENGAL & ORS.",31,"DEBDUTTA BASU"
