"SL NO.","ITEM NO.",DATE,"CASE NO","CAUSE TITLE",COURT,LAWYER
1,341M,07/05/2015,"APO 311/2013 
AP 346/2005
","AFCONS PAULING (INDIA) LTD Vs                      STATE OF WEST BENGAL",4,"BIJON MAJUMDAR"
2,20,07/05/2015,"EC 143/2014 ","M/S. MOTILAL AGARWAL Vs                      STATE OF WEST BENGAL & ANR.",5,"BIJON MAJUMDAR"
3,286M,07/05/2015,"EC 313/2014 ","PAM DEVELOPMENT PVT. LTD. Vs                      THE STATE OF WEST BENGAL & ORS.",5,"AMRITAM MANDAL"
4,319M,07/05/2015,"EC 623/2014 ","M/S. G. BISWAS & CO. Vs                      STATE OF WEST BENGAL & ANR,",5,"DEBANJAN MUKHERJEE"
5,410M,07/05/2015,"GA 3940/2014 
EC 50/2005
","ASSOCIATED CONTRACTORS Vs                      STATE OF W.B.                                     PARITOSH SINAH",5,"SARAJIT MITRA"
6,415M,07/05/2015,"EC 345/2015 ","CIVCON CONSTRUCTION PRIVATE LIMITED Vs                      STATE OF WEST BENGAL, THROUGH ADDITIONAL CHIEF SECRETARY, MI",5,"MUKHERJEE & BISWAS"
7,516M,07/05/2015,"EC 375/2015 ","ASOK KUMAR SAHA Vs                      STATE OF WEST BENGAL & ORS.",5,"ANJAN DEB SARKAR"
8,589M,07/05/2015,"GA 812/2015 
EC 137/2013
","STP LIMITED Vs                      STATE OF WEST BENGAL & ORS.",5,"SAROJ TULSIAN"
9,591M,07/05/2015,"GA 850/2015 
EC 570/2013
","SUBIMAL SOM Vs                      STATE OF WEST BENGAL                              LEARNED A. O. R.",5,"RAMESH CHANDRA PAUL"
10,692M,07/05/2015,"GA 1513/2013 
EC 137/2013
","STP LIMITED Vs                      STATE OF WEST BENGAL & ORS.",5,"MR. PARITOSH SINHA"
11,745M,07/05/2015,"EC 741/2014 ","TARUN KANTI CHOUDHURY -AND- Vs                      STATE OF WEST BENGAL",5,"SUSHIL KUMAR BASU"
12,6,07/05/2015,"WP 506/2015 ","PINAKI ROY & ORS. Vs                      STATE OF WEST BENGAL & ORS.",13,"FOX & MANDAL"
13,11,07/05/2015,"GA 1402/2015 
WP 467/2015
","MIRA GHOSH & ORS Vs                      STATE OF WEST BENGAL & ORS,",13,"TRINA BANERJEE"
14,25,07/05/2015,"WP 937/2009 ","NAZMA ISLAM LASKAR Vs                      STATE OF WEST BENGAL & ORS.",13,"SK. SAMIM AKHTER"
15,36,07/05/2015,"WP 913/2011 ","DIPAK MAITY Vs                      THE  STATE OF WEST BENGAL & ORS.",13,"SK.SAMIM AKHTER"
16,150M,07/05/2015,"WP 992/2011 ","SOVAN MAITY Vs                      STATE OF WEST BENGAL & ORS.",13,"SK.SAMIM AKHTAR"
17,196M,07/05/2015,"GA 558/2015 
WP 961/2013
","RAMESH KUMAR NEMANI Vs                      STATE OF WEST BENGAL AND ORS",13,"PARITOSH SINHA"
18,16M,07/05/2015,"WP 263/2015 ","SADHAN NANDY Vs                      STATE OF WEST BENGAL & ORS.",31,"KUSHAL PAUL"
19,17M,07/05/2015,"WP 281/2015 ","AMARENDRA NATH ROYCHOWDHURY Vs                      STATE OF WEST BENGAL & ORS,.",31,"DEBDUTTA BASU"
20,20,07/05/2015,"CS 199/2010 ","ASHUTOSH GAYEN Vs                      STATE OF WEST BENGAL & ORS.",31,"NAVOJIT MUKHERJEE"
21,22M,07/05/2015,"WP 351/2015 ","OSMAN AL ZOBAIDI Vs                      STATE OF WEST BENGAL & ORS,",31,"SADHANA RAO"
22,24M,07/05/2015,"WP 364/2015 ","BANWARI LAL TAK Vs                      STATE OF W.B. , SECT. DEPT. OF FINANCE, GOVT. OF W.B. & ORS",31,"SUTANU KARMAKAR"
23,29,07/05/2015,"WP 118/2015 ","PARWEZ KHAN Vs                      STATE OF WEST BENGAL & ORS.",31,"DEBDUTTA BASU"
24,38M,07/05/2015,"WP 413/2015 ","NILESH KUMAR SINGH Vs                      THE STATE OF WEST BENGAL & ORS.",31,"PIYAL GUPTA"
25,39M,07/05/2015,"WP 414/2015 ","MANOJ GOYAL Vs                      THE STATE OF WEST BENGAL & ORS.",31,"PIYAL GUPTA"
26,44M,07/05/2015,"WP 436/2015 ","MAHUA SHEE Vs                      STATE OF WEST BENGAL & ORS,.",31,"S.N. GHOSH"
27,47M,07/05/2015,"WP 440/2015 ","DEBDASI DAS & ANR. Vs                      STATE OF WEST BENGAL & ORS.",31,"DIPAK RANJAN  MUKHERJEE"
28,68M,07/05/2015,"WP 478/2015 ","MOHAN MOTOR SERVICES PVT. LTD. Vs                      STATE OF WEST BENGAL & ORS.",31,"SUDESHNA MAZUMDER"
29,69M,07/05/2015,"WP 479/2015 ","NETAI CHANDRA GHOSH Vs                      THE STATE OF WEST BENGAL & OTHERS.",31,"MR BIJAN BIHARI ROY"
30,71M,07/05/2015,"WP 481/2015 ","EASTERN INDUSTRIES & MARKETING CO. Vs                      STATE OF WEST BENGAL & ORS",31,"SUDESHNA MAZUMDER"
31,76M,07/05/2015,"WP 490/2015 ","PARIVARTAN MERCANTILES PVT. LTD. Vs                      STATE OF WEST BENGAL & ORS,                       PIYAL GUPTA",31,
32,77M,07/05/2015,"WP 492/2015 ","EMICHEM PVT. LTD. & ANR. Vs                      STATE OF WEST BENGAL & ANR.",31,"RITA MUKHERJEE"
33,78M,07/05/2015,"WP 493/2015 ","M/S. HITECH PLASTOCHEM UDYOG PRIVATE LIMITED Vs                      STATE OF WEST BENGAL & ORS.",31,"ABHIJIT BISWAS"
34,79M,07/05/2015,"WP 494/2015 ","M/S. INTERNATIONAL AUDIO AND MUSIC PRIVATE LIMITED Vs                      STATE OF WEST BENGAL & ORS.",31,"ABHIJIT BISWAS"
35,80M,07/05/2015,"WP 495/2015 ","M/S. MAAN POLYPACKS PRIVATE LIMITED Vs                      STATE OF WEST BENGAL & ORS.",31,"ABHIJIT BISWAS"
36,81M,07/05/2015,"WP 498/2015 ","ASHOKA BUILDCON LTD Vs                      STATE OF WEST BENGAL & ORS",31,"SUDESHNA MAZUMDER"
37,82M,07/05/2015,"WP 499/2015 ","VINAYAK SALES AGENCY Vs                      STATE OF WEST BENGAL & ORS",31,"SUDESHNA MAZUMDER"
38,88M,07/05/2015,"WP 512/2015 ","K.L. MECHANICAL WORKS PVT. LTD. Vs                      STATE OF WEST BENGAL & ORS.",31,"DEBANUJ BASU THAKUR"
39,92M,07/05/2015,"GA 1174/2015 
WP 346/2014
","SUVRA KUMAR DEY Vs                      STATE OF WEST BENGAL AND ORS",31,"SANCHAYITA DE"
40,93M,07/05/2015,"GA 1191/2015 
WP 1106/2012
","PRAMOD SHROHH Vs                      THE STATE OF WEST BENGAL & ORS.",31,"ARUP KUMAR ACHARYA"
41,134M,07/05/2015,"WP 1979/2005 ","VODAFONE EAST LTD & ANR Vs                      STATE OF W.B.",31,"KHAITAN  CO."
42,144M,07/05/2015,"WP 591/2011 ","KARTICK CHANDRA SAHA & ORS. Vs                      THE STATE OF WEST  BENGAL & ORS.",31,S.S.BHUTORIA
43,162M,07/05/2015,"WP 621/2013 ","SUVRA KUMAR DEY Vs                      STATE OF WEST BENGAL AND ORS",31,"KABERI SENGUPTA (MRS.  MAITI)"
44,171M,07/05/2015,"WP 124/2014 ","M/S WINDOW GLASS LTD Vs                      THE STATE OF WEST BENGAL & ORS.",31,"DEBANUJ BASU THAKUR"
45,172M,07/05/2015,"WP 233/2014 ","SMT. SILA ROY Vs                      STATE OF WEST BENGAL & ORS.",31,"SMT. MIRU HAJRA"
46,173M,07/05/2015,"WP 346/2014 ","SUVRA KUMAR DEY Vs                      STATE OF WEST BENGAL AND ORS",31,"SANCHAYITA DE"
47,182M,07/05/2015,"WP 704/2014 ","UPENDRA KUMAR Vs                      STATE OF WEST BENGAL & ORS.",31,"SUSANTA PAL"
48,185M,07/05/2015,"WP 741/2014 ","AMAR NATH TIWARI Vs                      THE STATE OF WEST BENGAL & ORS.",31,"SUMAN CHATTOPADHYAY"
49,191M,07/05/2015,"WP 832/2014 ","ATANU KUMAR CHOWDHURY & ORS. Vs                      THE STATE OF WEST BENGAL & ORS.",31,"DEBJANI GHOSHAL"
50,206M,07/05/2015,"WP 956/2014 ","RASHMI METALIKS LTD & ANR Vs                      THE STATE OF WEST BENGAL & ORS.",31,"MR PRAABHAT KR.  SRIVASTAWA"
51,207M,07/05/2015,"WP 988/2014 ","ABHIJIT CHAKRABORTY Vs                      THE STATE OF WEST BENGAL & ORS.",31,"TANMOY MUKHERJEE"
52,208M,07/05/2015,"WP 1020/2014 ","M/S. SYNERGY ELECTRIC PVT.LTD. Vs                      STATE OF WEST BENGAL & ANR.",31,"SOMAK BASU"
53,209M,07/05/2015,"WP 1033/2014 ","M/S. STRATHSPEY LABS PVT LTD Vs                      STATE OF WEST BENGAL & ORS",31,"SOMAK BASU"
54,210M,07/05/2015,"WP 1040/2014 ","M/S. SUPERSMELT FERRO ALLOYS PVT. LTD. Vs                      STATE OF WEST BENGAL & ORS,.",31,"SOMAK BASU"
55,211M,07/05/2015,"WP 1041/2014 ","MANPASAND AGRO FOOD PVT. LTD. Vs                      STATE OF WEST BENGAL & ORS.",31,"SOMAK BASU"
56,212M,07/05/2015,"WP 1048/2014 ","GOUTAM KUMAR DAS Vs                      STATE OF WEST BENGAL & ORS,",31,"DEBDUTTA BASU"
57,218M,07/05/2015,"WP 1069/2014 ","RABIN MONDAL Vs                      STATE OF WEST BENGAL & ORS,",31,"SUSANTA PAL"
58,226M,07/05/2015,"WP 1140/2014 ","SAILEN BHUIYA Vs                      STATE OF WEST BENGAL & ORS",31,"SUSANTA PAL"
59,231M,07/05/2015,"GA 3041/2014 
WP 58/2002

GA 3042/2014
","S. VASUDEVA PILLAI & ORS. Vs                      STATE OF WEST BENGAL",31,"UTTAM KUMAR DE"
60,234M,07/05/2015,"WP 11/2015 ","CHHOTARIA EXIM PVT. LTD. Vs                      STATE OF WEST BENGAL & ORS.",31,"PIYAL GUPTA"
61,235M,07/05/2015,"WP 12/2015 ","NAVYUG ENTERPRISE Vs                      STATE OF WEST BENGAL & ORS.",31,"PIYAL GUPTA"
62,236M,07/05/2015,"WP 24/2015 ","MIRA GOEL Vs                      THE STATE OF WEST BENGAL & ORS.",31,"DEBANUJ BASU THAKUR"
63,237M,07/05/2015,"WP 25/2015 ","CHEM INDIA Vs                      THE STATE OF WEST BENGAL & ORS.",31,"DEBANUJ BASU THAKUR"
64,238M,07/05/2015,"WP 27/2015 ","M/S. SPICE RETAILS LTD. Vs                      THE STATE OF WEST BENGAL & ORS.",31,"DEBANUJ BASU THAKUR"
65,239M,07/05/2015,"WP 28/2015 ","STC INTERNATIONAL Vs                      THE STATE OF WEST BENGAL & ORS.",31,"DEBANUJ BASU THAKUR"
66,242M,07/05/2015,"WP 36/2015 ","RDB RASAYANS LTD. & ANR. Vs                      STATE OF WEST BENGAL & ANR.",31,"SHARMA KAJARIA AND  COMPANY"
67,244M,07/05/2015,"WP 39/2015 ","EMAMI REALTY LIMITED & ANR. Vs                       STATE OF W.B. THROUGH THE SEC. DEPARTMENT OF FINANCE & ORS",31,"KHAITAN  CO."
68,245M,07/05/2015,"WP 40/2015 ","BENGAL BIRI FACTORY Vs                      STATE OF WEST BENGAL & ORS.",31,"DEBANUJ BASU THAKUR"
69,246M,07/05/2015,"WP 41/2015 ","SUBRATA CHOWDHURY Vs                      STATE OF WEST BENGAL & ORS.",31,"DEBANUJ BASU THAKUR"
70,248M,07/05/2015,"WP 48/2015 ","RAJESH GOYAL Vs                      THE STATE OF WEST BENGAL & ORS.",31,"PIYAL GUPTA"
71,249M,07/05/2015,"WP 49/2015 ","DEV INTERNATIONAL Vs                      THE STATE OF WEST BENGAL & ORS.",31,"PIYAL GUPTA"
72,250M,07/05/2015,"WP 51/2015 ","SULTANIA MARBLES ENTERPRISES Vs                      STATE OF WEST BENGAL & ORS.",31,"PIYAL GUPTA"
73,251M,07/05/2015,"WP 52/2015 ","NABA KUMAR BASAK Vs                      STATE OF WEST BENGAL & ORS.",31,"PIYAL GUPTA"
74,252M,07/05/2015,"WP 56/2015 ","KALINGA ALLIED INDUSTRIES Vs                      STATE OF WEST BENGAL & ORS,.",31,"DEBANUJ BASU THAKUR"
75,254M,07/05/2015,"WP 67/2015 ","MANAS BOSE & ORS. Vs                      THE STATE OF WEST BENGAL & ORS.",31,"GOLAM MOHAMMAD"
76,256M,07/05/2015,"WP 74/2015 ","PISCES SHOES & ANR. Vs                      THE STATE OF WEST BENGAL & ANR.",31,"SWAPNA DAS"
77,257M,07/05/2015,"WP 75/2015 ","HUSEIN ALI VIRANI Vs                      THE STATE OF WEST BENGAL & ANR.",31,"SWAPNA DAS"
78,258M,07/05/2015,"WP 76/2015 ","AUTO HILINK PRIVATE LIMITED Vs                      THE STATE OF WEST BENGAL & ORS.",31,"PIYAL GUPTA"
79,259M,07/05/2015,"WP 79/2015 ","GENA PHARMACEUTICALS LIMITED Vs                      THE STATE OF WEST BENGAL & ORS.",31,"DEBANUJ BASU THAKUR"
80,260M,07/05/2015,"WP 82/2015 ","SUNIL KUMAR MANTRI Vs                      THE STATE OF WEST BENGAL & ORS.",31,"DEBANUJ BASU THAKUR"
81,261M,07/05/2015,"WP 87/2015 ","DINESH BHOJNAGESWALAL Vs                      THE STATE OF WEST BENGAL & ORS.",31,"PIYAL GUPTA"
82,262M,07/05/2015,"WP 88/2015 ","MANOJ SURANA Vs                      THE STATE OF WEST BENGAL & ORS.",31,"PIYAL GUPTA"
83,263M,07/05/2015,"WP 89/2015 ","PRAVEEN KUMAR SURANA Vs                      THE STATE OF WEST BENGAL & ORS.",31,"PIYAL GUPTA"
84,264M,07/05/2015,"WP 90/2015 ","RAJ LAXMI PANDEY Vs                      THE STATE OF WEST BENGAL & ORS.",31,"PIYAL GUPTA"
85,268M,07/05/2015,"WP 101/2015 ","DOHARIA ISPAT PVT. LTD. Vs                      STATE OF WEST BENGAL & ORS.",31,"A. K. CHOWDHARY & CO."
86,277M,07/05/2015,"WP 117/2015 ","UDAY BIR LAW @ UDAYBIR LAL & ANR. Vs                      STATE OF WEST BENGAL & ORS.",31,"SYED SHAMSUL AREFIN"
87,278M,07/05/2015,"WP 123/2015 ","ABHIJEET SINGH Vs                      THE STATE OF WEST BENGAL & ORS.",31,"DEBDUTTA BASU"
88,279M,07/05/2015,"WP 135/2015 ","ESKO DIE CASTING PVT. LTD Vs                      STATE OF WEST BENGAL & ORS.",31,"PIYAL GUPTA"
89,280M,07/05/2015,"WP 138/2015 ","SILVERTON METALS (P) LTD. Vs                      STATE OF WEST BENGAL & ORS,.",31,"DEBANUJ BASU THAKUR"
90,281M,07/05/2015,"WP 139/2015 ","GANESH CHANDRA SHAHA Vs                      STATE OF WEST BENGAL & ORS,",31,"DEBANUJ BASU THAKUR"
91,282M,07/05/2015,"WP 146/2015 ","GCL (INDIA) PVT. LTD. Vs                      STATE OF WEST BENGAL & ORS.",31,"PIYAL GUPTA"
92,284M,07/05/2015,"WP 149/2015 ","PAYAL DEALERS PVT. LTD. Vs                      STATE OF WEST BENGAL & ORS,.",31,"PIYAL GUPTA"
93,285M,07/05/2015,"WP 150/2015 ","P.B. HOLOTECH INDIA PVT. LTD. Vs                      STATE OF WEST BENGAL & ORS.",31,"PIYAL GUPTA"
94,287M,07/05/2015,"WP 161/2015 ","BANIBRATA BASU Vs                      STATE OF WEST BENGAL & ORS.",31,"SIDDHARTHA PRATIM  DUTTA"
95,289M,07/05/2015,"WP 175/2015 ","MANOJ KUMAR JHA Vs                      STATE OF WEST BENGAL & ORS,.",31,"DEBDUTTA BASU"
96,291M,07/05/2015,"WP 179/2015 ","CHINMOY KUMAR CHATTERJEE Vs                      THE STATE OF WEST BENGAL & ORS.",31,"DEBDUTTA BASU"
