"SL NO.","ITEM NO.",DATE,"CASE NO","CAUSE TITLE",COURT,LAWYER
1,341M,09/05/2015,"APO 311/2013 
AP 346/2005
","AFCONS PAULING (INDIA) LTD Vs                      STATE OF WEST BENGAL",4,"BIJON MAJUMDAR"
2,58M,09/05/2015,"CS 248/2011 
GA 3077/2011 ","KARNANI ESTATES (MK) PVT. LTD. & ANR. Vs         STATE OF WEST BENGAL & ORS.",5,"S.KAKRANIA & CO."
3,102M,09/05/2015,"GA 3097/2013 
CS 370/2013
","PIONEER PUBLICITY CORPORATION PVT LTD Vs                      STATE OF WEST BENGAL AND ANR",5,"DIPANJAN SINHA ROY"
4,103M,09/05/2015,"GA 3098/2013 
CS 369/2013
","M/S. ARUN SIGN WORKS Vs                      STATE OF WEST BENGAL AND ANR",5,"DIPANJAN SINHA ROY"
5,145M,09/05/2015,"GA 1524/2014 
CS 62/2011
","KARNANI PROPERTIES LTD. & ORS. Vs                      STATE OF WEST BENGAL & OTHERS",5,"J . BANERJEE AND CO."
6,206M,09/05/2015,"GA 3351/2014 
CS 387/2014
","STATE OF WEST BENGAL & ANR Vs                      KAMAL SADANAH & ANR",5,"PARITOSH SINHA"
7,5,09/05/2015,"GA 705/2015 
APO 102/2015

WP 1205/2014
","GULZAR AHMED KHAN Vs                      STATE OF WEST BENGAL & ORS.",11,"RAJU BHATTACHARYYA"
8,13,09/05/2015,"WP 455/2015 ","M/S. B.M. TRANSPORT SERVICE Vs                      STATE OF WEST BENGAL AND ORS",13,"SK. SAMIM AKHTER"
9,14,09/05/2015,"WP 467/2015 ","MIRA GHOSH & ORS Vs                      STATE OF WEST BENGAL & ORS,",13,"TRINA BANERJEE"
10,19,09/05/2015,"WP 937/2009 ","NAZMA ISLAM LASKAR Vs                      STATE OF WEST BENGAL & ORS.",13,"SK. SAMIM AKHTER"
11,27,09/05/2015,"WP 913/2011 ","DIPAK MAITY Vs                      THE  STATE OF WEST BENGAL & ORS.",13,"SK.SAMIM AKHTER"
12,196M,09/05/2015,"GA 558/2015 
WP 961/2013
","RAMESH KUMAR NEMANI Vs                      STATE OF WEST BENGAL AND ORS",13,"PARITOSH SINHA"
13,141M,09/05/2015,"AP 1527/2014 ","MITRA REAL ESTATE PVT. LTD Vs                      STATE OF WEST BENGAL, & ORS.",23,"BIJON MAJUMDAR"
14,191M,09/05/2015,"AP 1729/2014 ","RAJPATH CONTRACTORS AND ENGINEERS LTD, Vs                      STATE OF WEST BENGAL & ORS,",23,"HIMADRI SHEKHAR  CHAKRABORTY"
15,320M,09/05/2015,"AP 2022/2014 ","PAM DEVELOPMENTS PRIVATE LIMITED Vs                      STATE OF WEST BENGAL & ANR.",23,"AMRITAM MANDAL"
16,322M,09/05/2015,"AP 2024/2014 ","PAM DEVELOPMENTS PRIVATE LIMITED Vs                      STATE OF WEST BENGAL & ANR.",23,"AMRITAM MANDAL"
17,400M,09/05/2015,"AP 74/2015 ","DILIP KUMAR CHATTERJEE Vs                      STATE OF WEST BENGAL & ORS.",23,"NAVOJIT MUKHERJEE"
18,726M,09/05/2015,"AP 628/2015 ","DOOARS CONSTRUCTION COMPANY Vs                      STATE OF WEST BENGAL & ORS.",23,"SARAJIT MITRA"
19,4,09/05/2015,"WP 275/2015 ","ROSE VALLEY REAL ESTATES & CONSTRUCTIONS LTD & ANR. Vs                      STATE OF WEST BENGAL & ORS.",31,"A N BHATTACHARYYA   CO."
20,14,09/05/2015,"WP 442/2015 ","INDRAJIT SEN Vs                      STATE OF WEST BENGAL & ORS",31,"INDRAJIT SEN (IN PERSON)"
21,15,09/05/2015,"WP 456/2015 ","SUBHAS CHAKRABORTY & ORS Vs                      STATE OF WEST BENGAL & ORS",31,"DEBDUTTA BASU"
22,16M,09/05/2015,"WP 263/2015 ","SADHAN NANDY Vs                      STATE OF WEST BENGAL & ORS.",31,"KUSHAL PAUL"
23,17M,09/05/2015,"WP 281/2015 ","AMARENDRA NATH ROYCHOWDHURY Vs                      STATE OF WEST BENGAL & ORS,.",31,"DEBDUTTA BASU"
24,20,09/05/2015,"WP 497/2015 ","OTIS ELEVATOR COMPANY (INDIA) LIMITED Vs                      THE STATE OF WEST BENGAL & ORS.",31,"SHOVENDU BANERJEE"
25,22M,09/05/2015,"WP 351/2015 ","OSMAN AL ZOBAIDI Vs                      STATE OF WEST BENGAL & ORS,",31,"SADHANA RAO"
26,24M,09/05/2015,"WP 364/2015 ","BANWARI LAL TAK Vs                      STATE OF W.B. , SECT. DEPT. OF FINANCE, GOVT. OF W.B. & ORS",31,"SUTANU KARMAKAR"
27,25,09/05/2015,"WP 524/2015 ","M/S AGARWAL INDUSTRIES & ANR. Vs                      STATE OF WEST BENGAL & ORS.",31,"MR NISHANT KUMAR  SARAF"
28,27,09/05/2015,"WP 528/2015 ","JK LAKSHMI CEMENT LIMITED & ANR. Vs                      THE STATE OF WEST BENGAL & ANR.",31,"SWAPNA DAS"
29,38M,09/05/2015,"WP 413/2015 ","NILESH KUMAR SINGH Vs                      THE STATE OF WEST BENGAL & ORS.",31,"PIYAL GUPTA"
30,39M,09/05/2015,"WP 414/2015 ","MANOJ GOYAL Vs                      THE STATE OF WEST BENGAL & ORS.",31,"PIYAL GUPTA"
31,41,09/05/2015,"WP 118/2015 ","PARWEZ KHAN Vs                      STATE OF WEST BENGAL & ORS.",31,"DEBDUTTA BASU"
32,44M,09/05/2015,"WP 436/2015 ","MAHUA SHEE Vs                      STATE OF WEST BENGAL & ORS,.",31,"S.N. GHOSH"
33,47M,09/05/2015,"WP 440/2015 ","DEBDASI DAS & ANR. Vs                      STATE OF WEST BENGAL & ORS.",31,"DIPAK RANJAN  MUKHERJEE"
34,66,09/05/2015,"CS 199/2010 ","ASHUTOSH GAYEN Vs                      STATE OF WEST BENGAL & ORS.",31,"NAVOJIT MUKHERJEE"
35,68M,09/05/2015,"WP 478/2015 ","MOHAN MOTOR SERVICES PVT. LTD. Vs                      STATE OF WEST BENGAL & ORS.",31,"SUDESHNA MAZUMDER"
36,69M,09/05/2015,"WP 479/2015 ","NETAI CHANDRA GHOSH Vs                      THE STATE OF WEST BENGAL & OTHERS.",31,"MR BIJAN BIHARI ROY"
37,71M,09/05/2015,"WP 481/2015 ","EASTERN INDUSTRIES & MARKETING CO. Vs                      STATE OF WEST BENGAL & ORS",31,"SUDESHNA MAZUMDER"
38,76M,09/05/2015,"WP 490/2015 ","PARIVARTAN MERCANTILES PVT. LTD. Vs                      STATE OF WEST BENGAL & ORS,                       PIYAL GUPTA",31,
39,77M,09/05/2015,"WP 492/2015 ","EMICHEM PVT. LTD. & ANR. Vs                      STATE OF WEST BENGAL & ANR.",31,"RITA MUKHERJEE"
40,78M,09/05/2015,"WP 493/2015 ","M/S. HITECH PLASTOCHEM UDYOG PRIVATE LIMITED Vs                      STATE OF WEST BENGAL & ORS.",31,"ABHIJIT BISWAS"
41,79M,09/05/2015,"WP 494/2015 ","M/S. INTERNATIONAL AUDIO AND MUSIC PRIVATE LIMITED Vs                      STATE OF WEST BENGAL & ORS.",31,"ABHIJIT BISWAS"
42,80M,09/05/2015,"WP 495/2015 ","M/S. MAAN POLYPACKS PRIVATE LIMITED Vs                      STATE OF WEST BENGAL & ORS.",31,"ABHIJIT BISWAS"
43,81M,09/05/2015,"WP 498/2015 ","ASHOKA BUILDCON LTD Vs                      STATE OF WEST BENGAL & ORS",31,"SUDESHNA MAZUMDER"
44,82M,09/05/2015,"WP 499/2015 ","VINAYAK SALES AGENCY Vs                      STATE OF WEST BENGAL & ORS",31,"SUDESHNA MAZUMDER"
45,88M,09/05/2015,"WP 512/2015 ","K.L. MECHANICAL WORKS PVT. LTD. Vs                      STATE OF WEST BENGAL & ORS.",31,"DEBANUJ BASU THAKUR"
46,92M,09/05/2015,"GA 1174/2015 
WP 346/2014
","SUVRA KUMAR DEY Vs                      STATE OF WEST BENGAL AND ORS",31,"SANCHAYITA DE"
47,93M,09/05/2015,"GA 1191/2015 
WP 1106/2012
","PRAMOD SHROHH Vs                      THE STATE OF WEST BENGAL & ORS.",31,"ARUP KUMAR ACHARYA"
48,134M,09/05/2015,"WP 1979/2005 ","VODAFONE EAST LTD & ANR Vs                      STATE OF W.B.",31,"KHAITAN  CO."
49,144M,09/05/2015,"WP 591/2011 ","KARTICK CHANDRA SAHA & ORS. Vs                      THE STATE OF WEST  BENGAL & ORS.",31,S.S.BHUTORIA
50,162M,09/05/2015,"WP 621/2013 ","SUVRA KUMAR DEY Vs                      STATE OF WEST BENGAL AND ORS",31,"KABERI SENGUPTA (MRS.  MAITI)"
51,171M,09/05/2015,"WP 124/2014 ","M/S WINDOW GLASS LTD Vs                      THE STATE OF WEST BENGAL & ORS.",31,"DEBANUJ BASU THAKUR"
52,172M,09/05/2015,"WP 233/2014 ","SMT. SILA ROY Vs                      STATE OF WEST BENGAL & ORS.",31,"SMT. MIRU HAJRA"
53,173M,09/05/2015,"WP 346/2014 ","SUVRA KUMAR DEY Vs                      STATE OF WEST BENGAL AND ORS",31,"SANCHAYITA DE"
54,182M,09/05/2015,"WP 704/2014 ","UPENDRA KUMAR Vs                      STATE OF WEST BENGAL & ORS.",31,"SUSANTA PAL"
55,185M,09/05/2015,"WP 741/2014 ","AMAR NATH TIWARI Vs                      THE STATE OF WEST BENGAL & ORS.",31,"SUMAN CHATTOPADHYAY"
56,191M,09/05/2015,"WP 832/2014 ","ATANU KUMAR CHOWDHURY & ORS. Vs                      THE STATE OF WEST BENGAL & ORS.",31,"DEBJANI GHOSHAL"
57,206M,09/05/2015,"WP 956/2014 ","RASHMI METALIKS LTD & ANR Vs                      THE STATE OF WEST BENGAL & ORS.",31,"MR PRAABHAT KR.  SRIVASTAWA"
58,207M,09/05/2015,"WP 988/2014 ","ABHIJIT CHAKRABORTY Vs                      THE STATE OF WEST BENGAL & ORS.",31,"TANMOY MUKHERJEE"
59,208M,09/05/2015,"WP 1020/2014 ","M/S. SYNERGY ELECTRIC PVT.LTD. Vs                      STATE OF WEST BENGAL & ANR.",31,"SOMAK BASU"
60,209M,09/05/2015,"WP 1033/2014 ","M/S. STRATHSPEY LABS PVT LTD Vs                      STATE OF WEST BENGAL & ORS",31,"SOMAK BASU"
61,210M,09/05/2015,"WP 1040/2014 ","M/S. SUPERSMELT FERRO ALLOYS PVT. LTD. Vs                      STATE OF WEST BENGAL & ORS,.",31,"SOMAK BASU"
62,211M,09/05/2015,"WP 1041/2014 ","MANPASAND AGRO FOOD PVT. LTD. Vs                      STATE OF WEST BENGAL & ORS.",31,"SOMAK BASU"
63,212M,09/05/2015,"WP 1048/2014 ","GOUTAM KUMAR DAS Vs                      STATE OF WEST BENGAL & ORS,",31,"DEBDUTTA BASU"
64,218M,09/05/2015,"WP 1069/2014 ","RABIN MONDAL Vs                      STATE OF WEST BENGAL & ORS,",31,"SUSANTA PAL"
65,226M,09/05/2015,"WP 1140/2014 ","SAILEN BHUIYA Vs                      STATE OF WEST BENGAL & ORS",31,"SUSANTA PAL"
66,231M,09/05/2015,"GA 3041/2014 
WP 58/2002

GA 3042/2014
","S. VASUDEVA PILLAI & ORS. Vs                      STATE OF WEST BENGAL",31,"UTTAM KUMAR DE"
67,234M,09/05/2015,"WP 11/2015 ","CHHOTARIA EXIM PVT. LTD. Vs                      STATE OF WEST BENGAL & ORS.",31,"PIYAL GUPTA"
68,235M,09/05/2015,"WP 12/2015 ","NAVYUG ENTERPRISE Vs                      STATE OF WEST BENGAL & ORS.",31,"PIYAL GUPTA"
69,236M,09/05/2015,"WP 24/2015 ","MIRA GOEL Vs                      THE STATE OF WEST BENGAL & ORS.",31,"DEBANUJ BASU THAKUR"
70,237M,09/05/2015,"WP 25/2015 ","CHEM INDIA Vs                      THE STATE OF WEST BENGAL & ORS.",31,"DEBANUJ BASU THAKUR"
71,238M,09/05/2015,"WP 27/2015 ","M/S. SPICE RETAILS LTD. Vs                      THE STATE OF WEST BENGAL & ORS.",31,"DEBANUJ BASU THAKUR"
72,239M,09/05/2015,"WP 28/2015 ","STC INTERNATIONAL Vs                      THE STATE OF WEST BENGAL & ORS.",31,"DEBANUJ BASU THAKUR"
73,242M,09/05/2015,"WP 36/2015 ","RDB RASAYANS LTD. & ANR. Vs                      STATE OF WEST BENGAL & ANR.",31,"SHARMA KAJARIA AND  COMPANY"
74,244M,09/05/2015,"WP 39/2015 ","EMAMI REALTY LIMITED & ANR. Vs                       STATE OF W.B. THROUGH THE SEC. DEPARTMENT OF FINANCE & ORS",31,"KHAITAN  CO."
75,245M,09/05/2015,"WP 40/2015 ","BENGAL BIRI FACTORY Vs                      STATE OF WEST BENGAL & ORS.",31,"DEBANUJ BASU THAKUR"
76,246M,09/05/2015,"WP 41/2015 ","SUBRATA CHOWDHURY Vs                      STATE OF WEST BENGAL & ORS.",31,"DEBANUJ BASU THAKUR"
77,248M,09/05/2015,"WP 48/2015 ","RAJESH GOYAL Vs                      THE STATE OF WEST BENGAL & ORS.",31,"PIYAL GUPTA"
78,249M,09/05/2015,"WP 49/2015 ","DEV INTERNATIONAL Vs                      THE STATE OF WEST BENGAL & ORS.",31,"PIYAL GUPTA"
79,250M,09/05/2015,"WP 51/2015 ","SULTANIA MARBLES ENTERPRISES Vs                      STATE OF WEST BENGAL & ORS.",31,"PIYAL GUPTA"
80,251M,09/05/2015,"WP 52/2015 ","NABA KUMAR BASAK Vs                      STATE OF WEST BENGAL & ORS.",31,"PIYAL GUPTA"
81,252M,09/05/2015,"WP 56/2015 ","KALINGA ALLIED INDUSTRIES Vs                      STATE OF WEST BENGAL & ORS,.",31,"DEBANUJ BASU THAKUR"
82,254M,09/05/2015,"WP 67/2015 ","MANAS BOSE & ORS. Vs                      THE STATE OF WEST BENGAL & ORS.",31,"GOLAM MOHAMMAD"
83,256M,09/05/2015,"WP 74/2015 ","PISCES SHOES & ANR. Vs                      THE STATE OF WEST BENGAL & ANR.",31,"SWAPNA DAS"
84,257M,09/05/2015,"WP 75/2015 ","HUSEIN ALI VIRANI Vs                      THE STATE OF WEST BENGAL & ANR.",31,"SWAPNA DAS"
85,258M,09/05/2015,"WP 76/2015 ","AUTO HILINK PRIVATE LIMITED Vs                      THE STATE OF WEST BENGAL & ORS.",31,"PIYAL GUPTA"
86,259M,09/05/2015,"WP 79/2015 ","GENA PHARMACEUTICALS LIMITED Vs                      THE STATE OF WEST BENGAL & ORS.",31,"DEBANUJ BASU THAKUR"
87,260M,09/05/2015,"WP 82/2015 ","SUNIL KUMAR MANTRI Vs                      THE STATE OF WEST BENGAL & ORS.",31,"DEBANUJ BASU THAKUR"
88,261M,09/05/2015,"WP 87/2015 ","DINESH BHOJNAGESWALAL Vs                      THE STATE OF WEST BENGAL & ORS.",31,"PIYAL GUPTA"
89,262M,09/05/2015,"WP 88/2015 ","MANOJ SURANA Vs                      THE STATE OF WEST BENGAL & ORS.",31,"PIYAL GUPTA"
90,263M,09/05/2015,"WP 89/2015 ","PRAVEEN KUMAR SURANA Vs                      THE STATE OF WEST BENGAL & ORS.",31,"PIYAL GUPTA"
91,264M,09/05/2015,"WP 90/2015 ","RAJ LAXMI PANDEY Vs                      THE STATE OF WEST BENGAL & ORS.",31,"PIYAL GUPTA"
92,268M,09/05/2015,"WP 101/2015 ","DOHARIA ISPAT PVT. LTD. Vs                      STATE OF WEST BENGAL & ORS.",31,"A. K. CHOWDHARY & CO."
93,277M,09/05/2015,"WP 117/2015 ","UDAY BIR LAW @ UDAYBIR LAL & ANR. Vs                      STATE OF WEST BENGAL & ORS.",31,"SYED SHAMSUL AREFIN"
94,278M,09/05/2015,"WP 123/2015 ","ABHIJEET SINGH Vs                      THE STATE OF WEST BENGAL & ORS.",31,"DEBDUTTA BASU"
95,279M,09/05/2015,"WP 135/2015 ","ESKO DIE CASTING PVT. LTD Vs                      STATE OF WEST BENGAL & ORS.",31,"PIYAL GUPTA"
96,280M,09/05/2015,"WP 138/2015 ","SILVERTON METALS (P) LTD. Vs                      STATE OF WEST BENGAL & ORS,.",31,"DEBANUJ BASU THAKUR"
97,281M,09/05/2015,"WP 139/2015 ","GANESH CHANDRA SHAHA Vs                      STATE OF WEST BENGAL & ORS,",31,"DEBANUJ BASU THAKUR"
98,282M,09/05/2015,"WP 146/2015 ","GCL (INDIA) PVT. LTD. Vs                      STATE OF WEST BENGAL & ORS.",31,"PIYAL GUPTA"
99,284M,09/05/2015,"WP 149/2015 ","PAYAL DEALERS PVT. LTD. Vs                      STATE OF WEST BENGAL & ORS,.",31,"PIYAL GUPTA"
100,285M,09/05/2015,"WP 150/2015 ","P.B. HOLOTECH INDIA PVT. LTD. Vs                      STATE OF WEST BENGAL & ORS.",31,"PIYAL GUPTA"
101,287M,09/05/2015,"WP 161/2015 ","BANIBRATA BASU Vs                      STATE OF WEST BENGAL & ORS.",31,"SIDDHARTHA PRATIM  DUTTA"
102,289M,09/05/2015,"WP 175/2015 ","MANOJ KUMAR JHA Vs                      STATE OF WEST BENGAL & ORS,.",31,"DEBDUTTA BASU"
103,291M,09/05/2015,"WP 179/2015 ","CHINMOY KUMAR CHATTERJEE Vs                      THE STATE OF WEST BENGAL & ORS.",31,"DEBDUTTA BASU"
