"SL NO.","ITEM NO.","CASE NO","CAUSE TITLE",COURT,"ALLOTMENT TO A.O.R.","COUNSEL - 1","COUNSEL - 2",LAWYER
1,340M,"GA 551/2014 
APO 309/2013

APOT 540/2013

GA 3246/2013

WP 865/2012
","Appl in         TAPAN BHATTACHARYYA &  ORS. Vs          THE KOLKATA MUNICIPAL CORPORATION & ORS.",4,,"AMITESH BANERJEE 9830053066","JR OF HIS CHOICE","TAPATI CHATTERJEE"
2,80M,"CS 295/2012 
GA 2494/2012 ","VIDEOCON INDUSTRIES LTD & ANR. Vs         COAL INDIA LTD & ORS.",5,,"PRADIP DUTTA  9831184392","PRIYANKA S. TIBREWAL ","MAKHAN ROY"
3,122M,"GA 375/2014 
EC 199/2012
","SUNEEL SWAIKA Vs                      BIJOY KUMAR SWAIKA & ORS.",5,,"AMITESH BANERJEE 9830053066","JR OF HIS CHOICE","L.P.MANOT & CO"
4,157M,"GA 1909/2014 
CS 51/2006
","KENA RAM DEY Vs                      DINOBANDHU DEY",5,,"SIPRA MAJUMDER",,"AYAN KUMAR BORAL"
5,198M,"GA 3171/2014 
CS 365/2014
","MAYUR SALES PVT. LTD. & ORS. Vs                      ANIL SINGHANIA & ORS.",5,,"JOYTOSH MAJUMDAR
8013643212","JR OF HIS CHOICE","ADITYA KANODIA"
6,2,"GA 796/2015 
APOT 94/2015

WP 1083/2014
","SRI NARESH BAJAJ & ORS. Vs                      SANDIP PYNE",11,"PARITOSH SINHA","ARINDAM MONDAL",,"JOY BANERJEE"
7,3,"GA 262/2015 
APOT 27/2015

WP 1083/2014
","SRI NARESH BAJAJ & ORS. Vs                      SANDIP PYNE & ORS.",11,"PARITOSH SINHA","ARINDAM MONDAL",,"JOY BANERJEE"
8,2,"GA 838/2015 
CS 978/1935
","SANTIMOY KUNDU CHOWDHURY & ORS. Vs                      SAMIR KUMAR  KUNDU CHOWDHURY & ORS.               MALLICK  PALIT",13,,"ADDL AOR","JR OF HIS CHOICE","PARTHA PRATIM  MUKHERJEE"
9,34,"WP 1046/2013 ","DEBABRATA GOSWAMI Vs                      KOLKATA MUNICIPAL CORPORATION AND ORS",13,,"RITA PATRA",,"PRATYUSH PATWARI"
10,171M,"WP 712/2013 ","NARENDRA BAJAJ AND ORS Vs                      KOLKATA MUNICIPAL CORPORATION AND ORS",13,,"CHAMA MUKHERJEE 9830415343","TALAY MASUD SIDDIQUI 9831260304","ANS ASSOCIATES"
11,1,"WP 213/2015 ","SRI PARTHA GHOSH Vs                      THE HON'BLE HIGH COURT AT CALCUTTA & ORS.",14,,"LAKSHMI KUMAR GUPTA","JR OF HIS CHOICE","SHAMIK CHATTERJEE"
12,29,"GA 4070/2014 
WP 283/2014
","AMBICA CAPITAL VENTURES LTD  & ANR. Vs                      REGISTRAR OF ASSURANCE KOLKATA & ANR.",18,"PARITOSH SINHA","KISHORE DUTTA  9830282362","AYAN BANERJEE ","PARITOSH SINHA"
13,38,"CC 35/2014 
GA 820/2015

WP 722/2011
","BIJOY CHANDRA KONAR & ORS. Vs                      MADAN MITRA , CHAIRMAN C.T.C. (1978) LTD.",18,,"KISHORE DUTTA 9830282362","NAYAN CHAND BEHANI 9831210790","SUBHENDU ROY  CHOUDHURY"
14,186M,"AP 1717/2014 ","MAGMA FINCORP LIMITED Vs                      HOSSAIN AHAMED CHOWDHURY & ANR.",23,,"AYAN BANERJEE ",,"SINHA & CO."
15,1,"GA 3870/2014 
CC 53/2013

CS 247/2006
","GOPAL PRASAD MORE Vs                      KAKOLI DAW & ORS.",24,,"SAKYA SEN 9830110674","JR OF HIS CHOICE","G. MORE  CO."
16,2,"CC 53/2013 
CS 247/2006 ","GOPAL PRASAD MORE Vs                      KAKOLI DAW & ORS.",24,,"SAKYA SEN 9830110674","JR OF HIS CHOICE","G. MORE  CO."
17,1M,"CS 244/2007 ","PROVAT KUMAR MITRA Vs                      THE REGISTRAR OF ASSURANCES, CALCUTTA & ORS.",31,"PARITOSH SINHA","ANIRUDDHA MITRA",,"KHAITAN  CO."
18,3,"WP 147/2015 ","SUPRIYO BOSE Vs                      LEGAL REMEMBRANCER, GOVT. OF WEST BENGAL & ORS.",31,,"SADHAN ROY CHOWDHURY 9836003266","SABYASACHI ROY CHOWDHURY 9874131308","AMRITA SINHA"
19,7M,"WP 386/2015 ","STATE BANK OF INDIA & ANR. Vs                      OFFICER IN CHARGE, SHAKESPEARE SARANI P.S. & ORS.",31,,"MANOJ MALHOTRA
9831112456",,"MEKHLA  KANZI"
20,25M,"WP 377/2015 ","ARCHANA KOLEY Vs                      UNION OF INDIA & ORS.",31,,"TAPATI SAMANTA(GHOSH)
9830911598",,"SURYA MAITY"
21,26,"WP 527/2015 ","B & M CHEMICALS LIMITED Vs                      ASST. COMM. OF COMMERCIAL TAXES PARK STREET CHARGE & ORS.",31,,"PRANAB DUTTA",,"DHANANJAY BANERJEE"
22,32M,"WP 399/2015 ","POLAR INDUSTRIES LTD. Vs                      TAX RECOVERY OFFICER, KOLKATA & 24 PARGANAS & ORS.",31,,"PRANAB DUTTA","PRITHU DUDHURIA","PIYAL GUPTA"
23,33M,"WP 400/2015 ","POLAR INDUSTRIES LTD. Vs                      TAX RECOVERY OFFICER, KOLKATA & 24 PARGANAS & ORS.",31,"PARITOSH SINHA","PRITHU DUDHURIA",,"PIYAL GUPTA"
24,34M,"WP 402/2015 ","POLAR INDUSTRIES LTD. Vs                      TAX RECOVERY OFFICER, KOLKATA & 24 PARGANAS & ORS.",31,,"PRANAB DUTTA","PRITHU DUDHURIA","PIYAL GUPTA"
25,39,"GA 147/2015 
CS 978/1935
","SANTIMOY KUNDU CHOWDHURY & ORS. Vs                      SAMIR KUMAR  KUNDU CHOWDHURY & ORS.",31,,"ADDL AOR","JR OF HIS CHOICE","ANIRUDDHA SINHA"
26,40,"GA 430/2015 
CS 978/1935 ","SANTIMOY KUNDU CHOWDHURY & ORS. Vs                      SAMIR KUMAR  KUNDU CHOWDHURY & ORS.",31,,"ADDL AOR","JR OF HIS CHOICE","MALLICK  PALIT"
27,43,"WP 2412/2003 ","GRAPHITE INDIA LTD. Vs                      ESTATE MANAGER",31,,"AMITESH BANERJEE 9830053066","JR OF HIS CHOICE","KHAITAN  CO."
28,45M,"WP 437/2015 ","SHEIKH ALTAF HOSSAIN & ANR. Vs                      THE COMMISSIONER OF POLICE & ORS.",31,,"SIPRA MAJUMDER 9831895255","JR OF HIS CHOICE","AVIJIT GHOSAL"
29,46M,"WP 439/2015 ","PRADEEP KUMAR NEOGI & ANR. Vs                      THE OFFICIAL TRUSTEE OF WEST BENGAL & ANR.",31,,"KISHORE DUTTA  9830282362","AYAN BANERJEE ","MITALI BHATTACHARYA"
30,62M,"WP 465/2015 ","POLAR INDUSTRIES LTD Vs                      TAX RECOVERY OFFICER , KOLKATA & 24PGS & ORS",31,,"PRANAB DUTTA","PRITHU DUDHURIA","PIYAL GUPTA"
31,129M,"WP 1193/2013 ","MISHRA AND MISHRA (AGENCIES) ENTERPRISES AND ANR Vs                      UNION OF INDIA AND ANR",31,"PARITOSH SINHA","ABHRATOSH MAJUMDER 9831952280",,"A . K . CHOWDHARY  AND CO."
32,149M,"WP 24/2012 ","SMT. PURABI MUKHERJEE (GHOSH) Vs                      THE KOLKATA IMPROVEMENT TRUST & ORS.",31,"PARITOSH SINHA","BILLWADAL BHATTACHARYYA ",,"NAYAN RAKSHIT"
33,154M,"WP 684/2012 ","PARESH NATH MUKHERJEE Vs                      THE WEST BENGAL STATE WAREHOUSING CORPORATION & ORS",31,,"CHAITALI BHATTACHARJEE  ","SIRSANYA BANDYOPADHYAY","ARKAPRAVA  SEN"
34,187M,"WP 747/2014 ","ANANT KUMAR SHAW & ANR. Vs                      SHRI RANJIT MALLICK & ORS.",31,,"PRANAB DUTTA","JR OF HIS CHOICE","ANINDYA LAHIRI"
35,205M,"WP 947/2014 ","SARLABEN KAPANI @ SARALA KAPANI Vs                      CESC LTD. & ORS.",31,,"CHITTA RANJAN GHOSH 9433788061",,"MANOJ MALHOTRA"
36,216M,"WP 1066/2014 ","MOHAN GENERAL TRADING CO & ORS. Vs                      UNITED BANK OF INDIA",31,"PARITOSH SINHA","SABYASACHI ROY CHOWDHURY 9874131308","ARINDAM MONDAL","VICTOR MOSES & CO"
37,228M,"WP 1174/2014 ","ANURAG PROPERTIES PVT. LTD. & ANR. Vs                      SENIOR SUPERINTENDENT OF POST OFFICE, CENTRAL KOL DIVI & ANR",31,,"SAKYA SEN 9830110674","JR OF HIS CHOICE","DIPANKAR DAS"
38,232M,"WP 6/2015 ","SRI JAWAHAR SINGH Vs                      THE UNITED BANK OF INDIA & ORS.",31,"PARITOSH SINHA","ARINDAM MONDAL",,"SUVADIP BHATTACHARJEE"
39,265M,"WP 93/2015 ","M/S. T. M. EXPORTS PRIVATE LIMITED & ANR. Vs                      STATE BANK OF INDIA & ORS.",31,"PARITOSH SINHA","ARINDAM MONDAL",,"SHAKEEL MOHAMMED  AKHTER"
40,269M,"WP 102/2015 ","SRI SUMIT SAHA & ANR. Vs                      WEST BENGAL STAFF SELECTION COMMISSION & ORS.",31,,"CHAITALI BHATTACHARJEE","SIRSANNYA BANDHOPADHAY","MS RESHMI GHOSH"
41,283M,"WP 148/2015 ","PRIYA LTD. Vs                      COMMERCIAL TAX OFFICER, PARK STREET CHARGE & ORS.",31,,"PRANAB DUTTA","PRITHU DUDHURIA","PIYAL GUPTA"
42,293M,"WP 209/2015 ","SUDHANGSHU DEY Vs                      CALCUTTA ELECTRICITY SUPPLY CORPORATION LIMITED & ORS.",31,,"CHITTA RANJAN GHOSH 9433788061",,"JAYANTA SAMANTA"
43,297M,"WP 251/2015 ","SUMIT GHOSAL Vs                      PUBLIC SERVICE COMMISSION, WEST BENGAL & ORS.",31,,"SADANANDA GANGULY 9874714111","JR OF HIS CHOICE","B. N. RAY"
44,339M,"CS 94/2013 ","DEEPAK KUMAR PRAHLADKA Vs                      ANANYA CHATTERJEE CHAKRABORTI & ORS.              A.K. CHATTERJEE & CO.",31,"PARITOSH SINHA","SAKYA SEN 9830110674",,"DEEPAK KUMAR  PRAHLADKA (PLAINTIFF -IN -PERSON)"
