"ITEM NO.","CASE NO ","CAUSE TITLE",COURT,HOD,"CLIENT REP.",BACKGROUND,INSTRUCTION,LAWYER,"COUNSEL ","SL NO."
9,"WP 672/2017 ","AKSHAY JHUNJHUNWALA & ANR. Vs UNION OF INDIA THROUGH THE MINS. OF CORPORATE AFFAIRS & ORS",13,,,,,"SINHA & CO",,1
35,"AP 588/2017 ","MAGMA FINCORP LIMITED Vs MAA VAISHNO MARKETING & ORS",38,,,,,"M/S SINHA & CO",,2
36,"AP 590/2017 ","MAGMA FINCORP LIMITED Vs B. SONI JEWELLERS & ORS",38,,,,,"M/S SINHA & CO",,3
37,"AP 615/2017 ","MAGMA FINCORP LTD Vs ANANT RAM BHATIA OILS PVT. LTD. & ORS",38,,,,,"M/S. SINHA & CO",,4
38,"AP 616/2017 ","MAGMA FINCORP LTD Vs BLISS MAN POWER SERVICES PVT LTD & ORS",38,,,,,"SINHA & CO",,5
42,"AP 742/2017 ","MAGMA FINCORP LIMITED Vs NAND KISHORE GUPTA & ORS.",38,,,,,"SINHA & CO.",,6
45,"AP 803/2017 ","MAGMA FINCORP LIMITED Vs SURESH ARYA & ORS.",38,,,,,"SINHA & CO.",,7
46,"AP 804/2017 ","MAGMA FINCORP LIMITED Vs SURESH ARYA & ORS.",38,,,,,"SINHA & CO.",,8
47,"AP 806/2017 ","MAGMA FINCORP LIMITED Vs PATEL PRAHLADBHAI S. & ORS.",38,,,,,"SINHA & CO.",,9
48,"AP 807/2017 ","MAGMA FINCORP LIMITED Vs ASIN & ANR.",38,,,,,"SINHA & CO.",,10
49,"AP 810/2017 ","MAGMA FINCORP LIMITED Vs 135",38,,,,,"SINHA & CO.",,11
53,"AP 826/2017 ","MAGMA FINCORP LIMITED Vs G.K. SONS ENGINEERING ENTERPRISES PVT. LTD. & ORS",38,,,,,"SINHA & CO.",,12
54,"AP 835/2017 ","MAGMA FINCORP LIMITED Vs SHREE RAGAVENDRA LOGISTICS & ORS.",38,,,,,"SINHA & CO.",,13
56,"AP 845/2017 ","MAGMA FINCORP LIMITED Vs MANOJ KUMAR SINGH & ANR.",38,,,,,"SINHA & CO.",,14
57,"AP 846/2017 ","MAGMA FINCORP LIMITED Vs RAMPHAL & ANR.",38,,,,,"SINHA & CO.",,15
59,"AP 847/2017 ","MAGMA FINCORP LIMITED Vs DHANANJAY PATHAK & ANR.",38,,,,,"SINHA & CO.",,16
60,"AP 848/2017 ","MAGMA FINCORP LIMITED Vs OM PRAKASH & ANR.",38,,,,,"SINHA & CO.",,17
61,"AP 850/2017 ","MAGMA FINCORP LIMITED Vs TALARI RAMESH & ANR.",38,,,,,"SINHA & CO.",,18
62,"AP 851/2017 ","MAGMA FINCORP LIMITED Vs PUSAT ENGINEERS PVT. LTD. & ORS.",38,,,,,"SINHA & CO.",,19
63,"AP 852/2017 ","MAGMA FINCORP LIMITED Vs UNITEX APPARELS PVT. LTD. & ORS.",38,,,,,"SINHA & CO.",,20
64,"AP 854/2017 ","MAGMA FINCORP LIMITED Vs SHIV SHANKAR & COMPANY GRAINS PVT. LTD. & ORS.",38,,,,,"SINHA & CO.",,21
66,"AP 871/2017 ","MAGMA FINCORP LIMITED Vs SRI MAHALAKSHMI TRADERS & ORS.",38,,,,,"SINHA & CO.",,22
67,"AP 872/2017 ","MAGMA FINCORP LIMITED Vs PAWAN KUMAR & PRS.",38,,,,,"SINHA & CO.",,23
68,"AP 879/2017 ","MAGMA FINCORP LIMITED Vs MUKESH YADAV & ANR.",38,,,,,"SINHA & CO.",,24
69,"AP 880/2017 ","MAGMA FINCORP LIMITED Vs MUKESH YADAV & ANR.",38,,,,,"SINHA & CO.",,25
83,"AP 926/2017 ","L & T FINANCE LIMITED Vs BRIDGE & BUILDING CONSTRUCTION CO. PVT. LTD. & ANR.",38,,,,,"SINHA & CO.",,26
91,"AP 958/2017 ","MAGMA FINCORP LTD. Vs PINK ROSE LINGERIE PVT. LTD. & ORS.",38,,,,,"SINHA & CO.",,27
96,"AP 982/2017 ","MAGMA FINCORP LIMITED Vs ADAMS MARKETING PVT LTD & ORS",38,,,,,"SINHA & CO",,28
97,"AP 986/2017 ","MAGMA FINCORP LIMITED Vs RANI SATI ENTERPRISES & ORS.",38,,,,,"SINHA & CO.",,29
132,"AP 441/2017 
GA 2894/2017 
GA 3140/2017
GA 3136/2017
GA 3185/2017","L & T FINANCE LIMITED Vs APL METALS LIMITED & ORS.",38,SHRAYASHEE,,"20.09.2017-AFFIDAVIT IN OPPOSITION BE FILED BY 10.11.2017. THE MATTER WILL BE LISTED ON 23.11.2017. AFFIDAVIT-IN-REPLY MAY BE FILED IN THE MEANTIME. EXIDE INDUSTRIES LTD WILL BE AT LIBERTY TO MAKE PAYMENT OF ITS DEBT TOWARDS THE RESPONDENT TO THE BANK LEAVING ASIDE A SUM OF RS. 23 CROCRES. EXIDE INDUSTRIES LIMITED WILL FURNISH TO THE APPEARING PARTIES A STATEMENT SHOWING THAT A SUM OF RS. 23 CRORES IS SET APART IN FAVOUR OF THE PETITIONER SUBJECT TO THE OUTCOME OF THIS APPLICATION.
31.08.2017-THERE IS AN ORDER OF INJUNCTION DIRECTING EXIDE INDUSTRIES LTD NOT TO MAKE ANY PAYMENT OF THE RESPONDENT NO.1 OR ANY OTHER RESPONDENT AND FURNISH TO THIS COURT THE EXACT AMOUNT OF DEBT, THAT IS, OWING BY EXIDE INDUSTRIES LTD TO THE RESPONDENTS. SUCH INTIMATION MAY BE MADE BY THE GARNISHEE, EXIDE INDUSTRIES LTD DIRECTLY TO THE PETITIONER'S ADVOCATE-ON-RECORD WITH A COPY MARKED TO THE RESPONDENTS, WELL IN ADVANCE OF THE RETURNABLE DATE.
14.06.2017-JOINT RECEIVERS APPOINTED FOR THE PURPOSE OF INVENTORISING THE ASSETS.",,"SINHA & CO.",,30
203,"AP 424/2017 ","SIRAJ MIDDA Vs CHOLAMANDALUM INVESTMENT LTD. & ANR",38,SHRAYASHEE,,"07.11.2017-IN VIEW OF THE CLEAR MANDATE CONTAINED IN SECTION 36(3) OF THE ACT, THE PETITIONER IS DIRECTED TO DEPOSIT THE AWARDED AMOUNT OF RS. 10,84,108/- WITH THE REGISTRAR, ORIGINAL SIDE WITHIN 16.11.2017. THERE SHALL BE AN UNCONDITIONAL ORDER OF STAY OF OPERATION OF THE AWARD DATED 24.01.2017 PASSED BY THE LD. ARBITRAL TRIBUNAL TILL 17.11.2017. IN DEFAULT OF THE PART OF THE PETITIONER TO DEPOSIT THE SECURITY AMOUNT AS MENTIONED ABOVE WITH THE REGISTRAR, ORIGINAL SIDE, WITHIN THE TIME MENTIONED ABOVE, THE RESPONDENT WILL BE FREE TO EXECUTE THE ARBITRAL AWARD WITHOUT ANY REFERENCE TO THIS COURT. RESPONDENT IS DIRECTED TO FILE THEIR AFFIDAVIT-IN-OPPOSITION TO THIS APPLICATION WITHIN 3 WEEKS FROM DATE; REPLY THERETO, IF ANY, BE FILED WITHIN 2 WEEKS THEREAFTER. THE APPLICATION WILL APPEAR UNDER THE HEADING 'ADJOURNED MOTION' IN THE MONTHLY LIST OF DECEMBER, 2017.",,"PRADEEP KUMAR",,31
205,"AP 501/2017 ","RAVINDRA PRATAP SINGH & ANR. Vs MAGMA FINCORP LTD SINHA & CO.(RES.1)",38,,,,,"SAMRAT DAS",,32
207,"AP 609/2017 ","ALTAMAS KABIR & ORS. Vs MAGMA FINCORP LTD SINHA & CO.",38,,,,,"DIPTENDU NARAYAN BANDHOPADHYAY",,33
212,"AP 738/2017 ","MRS. POOSAM & ANR. Vs MAGMA FINCORP LIMITED SINHA & CO.",38,,,,,"MD. APZAL ANSARI",,34
