"ITEM NO.","CASE NO ","CAUSE TITLE",COURT,HOD,"CLIENT REP.",BACKGROUND,INSTRUCTION,LAWYER,"COUNSEL ","SL NO."
257,"FMAT 239/2019 
CAN 2071/2019 ","AKASH VANIJYA PRIVATE LIMITED Vs TANMOY SINGHA ROY & ORS",2,"AJOY ROY/SONI OJHA",,,,"SONI OJHA",,1
114,"MAT 1591/2019 ","NEHA AGARWAL Vs BAIDYA",6,"AJOY ROY/SONI OJHA",,,,VIKAS,,2
3,"CO 1037/2019 ","KRISHNA ENTERPRISE & ORS Vs MONDAL",7,"AJOY ROY/SONI OJHA",,,,"LAL RATAN",,3
242,"WP 927W/2020 ","SUGATA ROY Vs BANERJEE",8,"AJOY ROY/SONI OJHA",,,,KEYA,,4
246,"WP 9758W/2019 ","LOUDON PROPERTIES (P) LIMITED & ANR Vs PAN",14,"AJOY ROY/SONI OJHA",,,,SWADIN,,5
28,"WP 26306W/2018 
WP 8705W/2019","M/S BARANAGORE JUTE FACTORY (P.L.C) MAZDOOR SANGH & Vs ANR VsVICTOR CHATTERJEE",26,"AJOY ROY/SONI OJHA",,,,,,6
28,"CRR 3218/2019 ","DATTAJI JAGTAP Vs SINGH",32,"AJOY ROY/SONI OJHA",,,,DEEPAK,,7
36,"CRR 3745/2019 ","AKHIL KUMAR SINGH Vs KUMAR",32,"AJOY ROY/SONI OJHA",,,,RAJIV,,8
50,"CRR 278/2018 
CRAN 45/2019","ALPANA GHOSH & ORS Vs MUKHERJEE",32,"AJOY ROY/SONI OJHA",,,,MAYUKH,,9
216,"CRR 1459/2017 ","MAHENDRA KR SARDA & ANR Vs STATE OF WEST BENGAL",32,"AJOY ROY/SONI OJHA",,,,"A DAS",,10
218,"CRR 2663/2018 ","TATA MOTOR FINANCE LIMITED Vs STATE OF WEST BENGAL",32,"AJOY ROY/SONI OJHA",,,,"R. KUMAR",,11
580,"CRR 1610/2019 ","RAWAN KUMAR RAJGARIA Vs KUMAR",32,"AJOY ROY/SONI OJHA",,,,"RAJI V",,12
