"SL NO.","ITEM NO.",DATE,"CASE NO","CAUSE TITLE",COURT,LAWYER
1,515,20/01/2015,"FMAT 1110/2014 
CAN 12378/2014 ","PRADIP AND KUMKUM GHOSH FAMILY FOUNDATION AND ORS Vs       RAMKRISHNA VIVEKANANDA MISSION AND ORS",2,"PARITOSH SINHA"
2,37,20/01/2015,"CO 3918/2014 ","KARAN OJHA Vs                      ANUJA OJHA",14,"PARITOSH SINHA"
3,38,20/01/2015,"CO 4096/2014 ","ADITI JAISWAL Vs                      SHIVRATI JAISWAL",14,"PARITOSH SINHA"
4,45,20/01/2015,"CO 138/2015 ","ARCH ENCLAVE P LTD Vs                      JAISHANKAR PROPERTIES P LTD",14,"PARITOSH SINHA"
5,60,20/01/2015,"CO 2636/2014 ","MURARI MOHAN KEJRIWAL AND ORS Vs                      M/S ASSETS RECON CO INDIA LTD AND ORS",14,"AMITAVA MITRA"
6,218,20/01/2015,"CRR 3623/2014 
CRAN 4308/2014 ","L AND T FINANCE LIMITED Vs       STATE OF WEST BENGAL",25,"AMITAVA MITRA"
