"SL NO.","ITEM NO.","CASE NO","CAUSE TITLE",COURT,"ALLOTMENT TO A.O.R.","COUNSEL - 1","COUNSEL - 2",LAWYER
1,568,"WP 5431W/2005 
MAT 954/2005
","GLOBAL ELNERGY LTD. AND ANR. Vs                      STATE OF W.B.",7,,,,"A.K. CHAUDHURY"
2,105,"WP 2029W/2001 ","DAMODAR VALLEY CORPORATION AND ORS. Vs                      UNION OF INDIA",14,,,,"SUBIR PAL"
3,470,"WP 2034W/2005 ","MD. MOHIDUL HAQUE Vs                      STATE OF W.B.",14,,,,"SK. ABU SUFIAN"
4,2,"FMA 1542/2014 
FMA 1573/2013
","MANICKLAL SHAW AND ORS. Vs                      GITA DEVI SHAW ALIAS JAISWAL",34,,,,"INDRAJEET DASGUPTA"
