"SL NO.","ITEM NO.","CASE NO","CAUSE TITLE",COURT,"ALLOTMENT TO A.O.R.","COUNSEL - 1","COUNSEL - 2",LAWYER
1,515,"FMAT 1110/2014 
CAN 12378/2014 ","PRADIP AND KUMKUM GHOSH FAMILY FOUNDATION AND ORS Vs       RAMKRISHNA VIVEKANANDA MISSION AND ORS",2,,,,"PARITOSH SINHA"
2,37,"CO 3918/2014 ","KARAN OJHA Vs                      ANUJA OJHA",14,,,,"PARITOSH SINHA"
3,38,"CO 4096/2014 ","ADITI JAISWAL Vs                      SHIVRATI JAISWAL",14,,,,"PARITOSH SINHA"
4,45,"CO 138/2015 ","ARCH ENCLAVE P LTD Vs                      JAISHANKAR PROPERTIES P LTD",14,,,,"PARITOSH SINHA"
5,60,"CO 2636/2014 ","MURARI MOHAN KEJRIWAL AND ORS Vs                      M/S ASSETS RECON CO INDIA LTD AND ORS",14,,,,"AMITAVA MITRA"
6,218,"CRR 3623/2014 
CRAN 4308/2014 ","L AND T FINANCE LIMITED Vs       STATE OF WEST BENGAL",25,,,,"AMITAVA MITRA"
