"SL NO.","ITEM NO.",DATE,AOR,"CASE NO","CAUSE TITLE",IND,COURT,"ERSTWHILE ADVOCATE","ALLOTMENT TO A.O.R.","COUNSEL - 1","CONTACT 1",ADDRESS,"COUNSEL - 2","CONTACT 2",ADDRESS,"COUNSEL - 3",CONTACT,ADDRESS,REMARKS,TIME,LAWYER
3261,1,04/12/2014,"AOR/APPEAL 102/2008","APO 119/2008","S.V.S.MARWARI HOSPITAL  VS  STATE OF W.B",2,1,,,"PARTHA BHANJA CHOWDHURY",,,"ANKITA MITRA           9331971439",,,,,,,,"M. ROY & CO."
1089,1,,,"WP 3794/1994
GA 3270/2012
GA 1512/2008 
GA 2803/2009
GA 470/2010
GA 471/2010
GA 1209/2010
","STATE OF WEST BENGAL Vs UNION OF INDIA. M S YADAV.",19,1,,,"ADVOCATE GENERAL ",,,,,,,,,,,"NAYAN CHANDA BIHANI"
3340,1,26/11/2014,"AOR/APPEAL 139/1999","APO 544/1999
WP 160/1999","MD. ABDUR ROUF  VS  STATE OF W.B",2,12,,"PARITOSH SINHA","ARINDAM MONDAL",,,,,,,,,,,"S  DAS."
