"SL NO.","ITEM NO.","CASE NO","CAUSE TITLE",COURT,"ALLOTMENT TO A.O.R.","COUNSEL - 1","COUNSEL - 2","COUNSEL - 3",LAWYER
1,515,"FMAT 1110/2014 
CAN 12378/2014 ","PRADIP AND KUMKUM GHOSH FAMILY FOUNDATION AND ORS Vs       RAMKRISHNA VIVEKANANDA MISSION AND ORS",2,,,,,"PARITOSH SINHA"
2,568,"WP 5431W/2005 
MAT 954/2005
","GLOBAL ELNERGY LTD. AND ANR. Vs                      STATE OF W.B.",7,,,,,"A.K. CHAUDHURY"
3,37,"CO 3918/2014 ","KARAN OJHA Vs                      ANUJA OJHA",14,,,,,"PARITOSH SINHA"
4,38,"CO 4096/2014 ","ADITI JAISWAL Vs                      SHIVRATI JAISWAL",14,,,,,"PARITOSH SINHA"
5,45,"CO 138/2015 ","ARCH ENCLAVE P LTD Vs                      JAISHANKAR PROPERTIES P LTD",14,,,,,"PARITOSH SINHA"
6,60,"CO 2636/2014 ","MURARI MOHAN KEJRIWAL AND ORS Vs                      M/S ASSETS RECON CO INDIA LTD AND ORS",14,,,,,"AMITAVA MITRA"
7,105,"WP 2029W/2001 ","DAMODAR VALLEY CORPORATION AND ORS. Vs                      UNION OF INDIA",14,,,,,"SUBIR PAL"
8,470,"WP 2034W/2005 ","MD. MOHIDUL HAQUE Vs                      STATE OF W.B.",14,,,,,"SK. ABU SUFIAN"
9,218,"CRR 3623/2014 
CRAN 4308/2014 ","L AND T FINANCE LIMITED Vs       STATE OF WEST BENGAL",25,,,,,"AMITAVA MITRA"
10,2,"FMA 1542/2014 
FMA 1573/2013
","MANICKLAL SHAW AND ORS. Vs                      GITA DEVI SHAW ALIAS JAISWAL",34,,,,,"INDRAJEET DASGUPTA"
