"ITEM NO.","CASE NO ","CAUSE TITLE",COURT,HOD,"CLIENT REP.",BACKGROUND,INSTRUCTION,LAWYER,"COUNSEL ","SL NO."
6,"CS 435/1985 ","SATNALIWALA INVESTMENT COMPANY Vs ICICI BANK",29,,,,,"R.K.SINHA & CO.",,1
7,"CS 772/1985 ","ICICI BANK LIMITED Vs SATNALIWALA INVESTMENT CO & ORS R.K.SINHA & CO",29,,,,,"B.M.BAGARIA & CO",,2
12,"TS 22/2017 
GA 3759/2017 
GA 1271/2018","IN THE GOODS OF: PRANATI GHOSAL, DECEASED -AND- Vs NIRMALYA KUMAR GHOSAL -VS- PRAKRITI MALHOTRA",29,SHRAYASHEE,,"26.07.2018-TIME TO FILE AFFIDAVIT-IN-REPLY IS EXTENDED BY A FORTNIGHT. THE MATTER WILL BE LISTED ON 16TH AUGUST, 2018.
12.06.2018-AFFIDAVITS-IN-OPPOSITION BE FILE BY THE PROPOUNDER AS WELL AS THE CAVEATRIX WITHIN A PERIOD OF 4 WEEKS FROM DATE. REPLY THERETO, IF ANY, BE FILED WITH 2 WEEKS THEREAFTER. THE MATTER WILL APPEAR ON 30.07.2018.",,"RANJIT KUMAR BASU",,3
13,"CS 306/2001 ","THE CALCUTTA STOCK EXCHANGE LIMITED. Vs DOE JONES INVEST.&CONSULTANTS P.LTD S & M",29,,,,,"SINHA & CO.",,4
14,"CS 333/2001 ","THE CALCUTTA STOCK EXCHANGE LIMITED Vs TRIPOLI CONSULTANCY SERVICES PVT. LTD.",29,,,,,"SINHA & CO.",,5
15,"CS 401/2001 ","THE CALCUTTA STOCK EXCHANGE LIMITED Vs BIYANI SECURITIES PVT.LTD.",29,,,,,"SINHA & CO.",,6
142M,"EC 320/2018 ","AXIS BANK LTD Vs DOWNTOWN TEMPTATIONS PVT. LTD. & ANR.",36,,,,,"SINHA & CO.",,7
143M,"EC 322/2018 ","AXIS BANK LTD Vs XCLUSIVE INN PVT. LTD. &ANR",36,,,,,"SINHA & CO.",,8
144M,"EC 323/2018 ","AXIS BANK LTD Vs 39",36,,,,,"SINHA & CO",,9
145M,"EC 376/2018 ","AXIS BANK LIMITED Vs MD IBRAHIM FETEHPURI & ANR",36,,,,,"SINHA & CO",,10
150M,"EC 561/2018 ","CHOLAMANDALAM INVESTMENT AND FINANCE COMPANY LIMITED Vs BINOD SHAW & ANR.",36,SHRAYASHEE,,"28.11.2018-JDS ARE DIRECTED TO FILE THEIR INDIVIDUAL AOA IN FORM NO.16A OF APPENDIX-E OF THE CODE OF CIVIL PROCEDURE WITHIN 4 WEEKS FROM THE DATE. ",,"SINHA & CO.",,11
151M,"EC 563/2018 ","CHOLAMANDALAM INVESTMENT AND FINANCE COMPANY LIMITED Vs ALOKE DAS & ANR.",36,SHRAYASHEE,,"28.11.2018-JDS ARE DIRECTED TO FILE THEIR INDIVIDUAL AOA IN FORM NO.16A OF APPENDIX-E OF THE CODE OF CIVIL PROCEDURE WITHIN 4 WEEKS FROM THE DATE. ",,"SINHA & CO.",,12
152M,"EC 565/2018 ","CHOLAMANDALAM INVESTMENT AND FINANCE COMPANY LIMITED Vs NILADRI BHATTACHARYYA & ANR.",36,SHRAYASHEE,,"28.11.2018-JDS ARE DIRECTED TO FILE THEIR INDIVIDUAL AOA IN FORM NO.16A OF APPENDIX-E OF THE CODE OF CIVIL PROCEDURE WITHIN 4 WEEKS FROM THE DATE. ",,"SINHA & CO.",,13
157M,"EC 624/2018 ","KOTAK MAHINDRA BANK LIMITED Vs PARTHEEPAN V & ANR.",36,,,,,"SINHA & CO.",,14
158M,"EC 647/2018 ","MAGMA FINCORP LIMITED Vs JAGER SINGH & ORS.",36,,,,,"SINHA & CO.",,15
184M,"EC 104/2019 ","TATA MOTORS FINANCE LIMITED Vs PARGAT SINGH & ANR.",36,,,,,"SINHA & CO.",,16
186M,"EC 119/2019 ","TATA MOTORS FINANCE SOLUTIONS LIMITED Vs ROADWINGS INTERNATIONAL PVT. LTD. & ANR. DEEPAK KR.",36,,,,,"SINHA & CO.",,17
187M,"EC 120/2019 ","TATA MOTORS FINANCE LIMITED Vs SK. SHAKIL ALIM",36,,,,,"SINHA & CO.",,18
188M,"EC 122/2019 ","TATA MOTORS FINANCE SOLUTIONS LIMITED Vs ROADWINGS INTERNATIONAL PVT. LTD. & ANR. DEEPAK KR.",36,,,,,"SINHA & CO.",,19
192M,"EC 168/2019 ","MAGMA FINCORP LIMITED Vs SHIV SALES & ORS.",36,,,,,"SINHA & CO.",,20
193M,"EC 172/2019 ","ZENITH CREDIT CORPORATION Vs SANJEEV GIRI & ANR.",36,,,,,"SINHA & CO.",,21
195M,"EC 202/2019 ","MAGMA FINCORP LIMITED Vs SRS MEDITECH LTD. & ORS.",36,,,,,"SINHA & CO.",,22
196M,"EC 212/2019 ","MAGMA FINCORP LIMITED Vs ATTULOORI GEETHA & ANR.",36,,,,,"SINHA & CO.",,23
197M,"EC 236/2019 ","KOTAK MAHINDRA BANK LTD. Vs MANSUR ANSARI AND ANR.",36,,,,,"SINHA & CO.",,24
198M,"EC 238/2019 ","KOTAK MAHINDRA BANK LTD. Vs RAJ NARAYAN SINGH & ANR.",36,,,,,"SINHA & CO.",,25
199M,"EC 275/2019 ","TATA MOTORS FINANCE SOLUTIONS LIMITED Vs ROADWINGS INTERNATIONAL PVT. LTD. & ANR.",36,,,,,"SINHA & CO.",,26
200M,"EC 279/2019 ","ZENITH CREDIT CORPORATION Vs SATYABAN BASAK & ANR.",36,,,,,"SINHA & CO.",,27
207M,"EC 294/2019 ","MAGMA FINCORP LIMITED Vs 43",36,,,,,"SINHA & CO.",,28
208M,"EC 295/2019 ","MAGMA FINCORP LIMITED Vs GAURAV AUTOMOBILES & ORS.",36,,,,,"SINHA & CO.",,29
209M,"EC 296/2019 ","MAGMA FINCORP LIMITED Vs KESHARI PHARMA & ORS.",36,,,,,"SINHA & CO.",,30
210M,"EC 298/2019 ","MAGMA FINCORP LIMITED Vs RAJ KANWAR BHATI & ORS.",36,,,,,"SINHA & CO.",,31
211M,"EC 299/2019 ","MAGMA FINCORP LIMITED Vs LOVE KUMAR SHARMA & ORS.",36,,,,,"SINHA & CO.",,32
212M,"EC 301/2019 ","MAGMA FINCORP LIMITED Vs S L N CNC TECH PRIVATE LIMITED & ORS.",36,,,,,"SINHA & CO.",,33
213M,"EC 303/2019 ","MAGMA FINCORP LIMITED Vs NUPUR SALES CORPORATION & ORS.",36,,,,,"SINHA & CO.",,34
214M,"EC 304/2019 ","MAGMA FINCORP LIMITED Vs JAY ENTERPRISES & ORS.",36,,,,,"SINHA & CO.",,35
215M,"EC 305/2019 ","MAGMA FINCORP LIMITED Vs GAURAV LEMON CO. & ORS.",36,,,,,"SINHA & CO.",,36
216M,"EC 306/2019 ","MAGMA FINCORP LIMITED Vs GI INTERNATIONAL PVT. LTD. & ORS.",36,,,,,"SINHA & CO.",,37
217M,"EC 308/2019 ","MAGMA FINCORP LIMITED Vs SAKAR POULTRY PVT. LTD. & ORS.",36,,,,,"SINHA & CO.",,38
219M,"EC 310/2019 ","MAGMA FINCORP LIMITED Vs GREAT WALL CORPORATE SERVICES PVT. LTD. & ORS.",36,,,,,"SINHA & CO.",,39
220M,"EC 311/2019 ","MAGMA FINCORP LIMITED Vs LAL CHAND & ANR.",36,,,,,"SINHA & CO.",,40
221M,"EC 312/2019 ","MAGMA FINCORP LIMITED Vs SHAIK FAZUL RAHIMAN & ANR.",36,,,,,"SINHA & CO.",,41
223M,"EC 314/2019 ","MAGMA FINCORP LIMITED Vs 44",36,,,,,"SINHA & CO.",,42
224M,"EC 315/2019 ","MAGMA FINCORP LIMITED Vs DPL FARMS AND BUILDERS PVT. LTD. & ORS.",36,,,,,"SINHA & CO.",,43
225M,"EC 317/2019 ","MAGMA FINCORP LIMITED Vs SNEHA LAMA & ANR.",36,,,,,"SINHA & CO.",,44
226M,"EC 318/2019 ","MAGMA FINCORP LIMITED Vs VISHAL VIKRAM SINGH & ANR.",36,,,,,"SINHA & CO.",,45
227M,"EC 319/2019 ","MAGMA FINCORP LIMITED Vs G. M. AGRO INDUSTRIES & ORS.",36,,,,,"SINHA & CO.",,46
228M,"EC 325/2019 ","MAGMA FINCORP LIMITED Vs ENRACK OVERSEAS PRIVATE LIMITED & ORS.",36,,,,,"SINHA & CO.",,47
229M,"EC 328/2019 ","MAGMA FINCORP LIMITED Vs VEERIBOINA UMA & ANR.",36,,,,,"SINHA & CO.",,48
230M,"EC 329/2019 ","MAGMA FINCORP LIMITED Vs SHISHIR YADAV & ANR.",36,,,,,"SINHA & CO.",,49
231M,"EC 330/2019 ","MAGMA FINCORP LIMITED Vs M/S. RAM MURAT ENT BHATTA & ANR.",36,,,,,"SINHA & CO.",,50
232M,"EC 331/2019 ","MAGMA FINCORP LIMITED Vs CHALLA CABLES PRIVATE LIMITED & ORS.",36,,,,,"SINHA & CO.",,51
233M,"EC 332/2019 ","MAGMA FINCORP LIMITED Vs SATNAM TRAVELS & ORS.",36,,,,,"SINHA & CO.",,52
250M,"GA 838/2019 
EC 725/2015","HDFC BANK LTD Vs A.F.ENTERPRISE & ANR.",36,"J ROY","SACHIN GUPTA",,,"SINHA & CO.",,53
271M,"GA 1886/2019 
EC 378/2018","MAGMA FINCORP LTD Vs RAM PRAVESH SINGH & ANR.",36,"K K PANDEY",,"1) (DL IT 53) ON 29.08.18 RESPONDENT WAS DIRECTED TO FILE AFIDAVIT DISCLOSING ALL THEIR ASSET AND PROPERTY. RT. - 03.10.18.

[ARBITRATOR - RAM PRAVESH SINGH]

[AWARD DATE : 27.03.17]

[AWARDED AMOUNT : RS. 16,34,550.00]","TO PRAY FOR WARRANT OF ARREST IF AFFIDAVIT OF ASSETS NOT FILED.","SINHA & CO.",,54
272M,"GA 1887/2019 
EC 497/2018","MAGMA FINCORP LIMITED Vs ALFUR RAHAMAN & ANR.",36,,,,,"SINHA & CO.",,55
316M,"GA 2742/2019 
PLA 264/2009","IN THE GOODS OF NIRMAL KUMAR DUTTA (DEC) Vs",36,,,,,"SINHA & CO.",,56
319M,"GA 2753/2019 
EC 183/2019","MAGMA FINCORP LIMITED Vs ADAMS MARKETING PVT. LTD. & ORS.",36,,,,,"SINHA & CO.",,57
327M,"GA 2858/2019 
EC 504/2018","MAGMA FINCORP LIMITED Vs PETROLUBE INDIA LTD. & ORS.",36,,,,,"SINHA & CO.",,58
23,"CA 11/2017 
CP 45/2013","IN THE MATTER OF : UNIT CONSTRUCTION COMPANY PVT. LTD. Vs COURT, CALCUTTA",38,SAUBHIK,,,,"O/L, HIGH",,59
133M,"AP 66/2020 ","SREI EQUIPMENT FINANCE LIMITED Vs KISAN NAMADEO RATHOD",38,,,,,"SINHA & CO.",,60
158M,"AP 99/2020 ","SREI EQUIPMENT FINANCE LIMITED Vs SACHIN BHAGWAT NAGARGOLE",38,,,,,"SINHA & CO.",,61
